<?xml version="1.0" encoding="UTF-8" ?>
<PartML>
<TEXT><![CDATA[
Algorithm

In mathematics and computer science, an algorithm (i/ˈælɡərɪðəm/) is a step-by-step procedure for calculations. Algorithms are used for calculation, data processing, and automated reasoning.
More precisely, an algorithm is an effective method expressed as a finite list[1] of well-defined instructions[2] for calculating a function.[3] Starting from an initial state and initial input (perhaps empty),[4] the instructions describe a computation that, when executed, will proceed through a finite [5] number of well-defined successive states, eventually producing "output"[6] and terminating at a final ending state. The transition from one state to the next is not necessarily deterministic; some algorithms, known as randomized algorithms, incorporate random input.[7]
Though al-Khwārizmī's algorism referred to the rules of performing arithmetic using Hindu-Arabic numerals and the systematic solution of linear and quadratic equations, a partial formalization of what would become the modern algorithm began with attempts to solve the Entscheidungsproblem (the "decision problem") posed by David Hilbert in 1928. Subsequent formalizations were framed as attempts to define "effective calculability"[8] or "effective method";[9] those formalizations included the Gödel–Herbrand–Kleene recursive functions of 1930, 1934 and 1935, Alonzo Church's lambda calculus of 1936, Emil Post's "Formulation 1" of 1936, and Alan Turing's Turing machines of 1936–7 and 1939. Giving a formal definition of algorithms, corresponding to the intuitive notion, remains a challenging problem.[10]

]]></TEXT>
<TAGS>
<ENTITY id="E0" start="301" end="313" text="instructions" type="abstract" reference_count="multiple" comment="" />
<ENTITY id="E1" start="277" end="281" text="list" type="abstract" reference_count="single" comment="" />
<ENTITY id="E3" start="373" end="378" text="state" type="abstract" reference_count="single" comment="" />
<ENTITY id="E4" start="391" end="396" text="input" type="physical" reference_count="single" comment="" />
<ENTITY id="E6" start="576" end="582" text="output" type="physical" reference_count="single" comment="" />
<ENTITY id="E7" start="621" end="626" text="state" type="abstract" reference_count="single" comment="" />
<ENTITY id="E8" start="546" end="552" text="states" type="abstract" reference_count="multiple" comment="" />
<ENTITY id="E9" start="741" end="751" text="algorithms" type="abstract" reference_count="multiple" comment="" />
<ENTITY id="E10" start="772" end="777" text="input" type="physical" reference_count="single" comment="" />
<ENTITY id="E11" start="1028" end="1036" text="attempts" type="other" reference_count="multiple" comment="" />
<ENTITY id="E12" start="961" end="974" text="formalization" type="abstract" reference_count="single" comment="" />
<ENTITY id="E13" start="1309" end="1318" text="functions" type="abstract" reference_count="multiple" comment="" />
<ENTITY id="E14" start="1249" end="1263" text="formalizations" type="abstract" reference_count="multiple" comment="" />
<ENTITY id="E15" start="1366" end="1374" text="calculus" type="abstract" reference_count="single" comment="" />
<ENTITY id="E16" start="1397" end="1408" text="Formulation" type="abstract" reference_count="single" comment="" />
<ENTITY id="E17" start="1446" end="1454" text="machines" type="physical" reference_count="multiple" comment="" />
<ENTITY id="E18" start="83" end="87" text="step" type="abstract" reference_count="single" comment="" />
<ENTITY id="E19" start="91" end="95" text="step" type="abstract" reference_count="single" comment="" />
<ENTITY id="E20" start="96" end="105" text="procedure" type="abstract" reference_count="single" comment="" />
<ENTITY id="E21" start="445" end="456" text="computation" type="physical" reference_count="single" comment="" />
<ENTITY id="E22" start="804" end="812" text="algorism" type="physical" reference_count="single" comment="" />
<ENTITY id="E23" start="829" end="834" text="rules" type="physical" reference_count="single" comment="" />
<PART_OF id="P0" fromID="E0" fromText="instructions" toID="E1" toText="list" relationship="member_of" negativity="positive" signal_list="S0" comment="" />
<PART_OF id="P4" fromID="E6" fromText="output" toID="E8" toText="states" relationship="member_of" negativity="positive" signal_list="S5" comment="" />
<PART_OF id="P5" fromID="E7" fromText="state" toID="E8" toText="states" relationship="member_of" negativity="positive" signal_list="S6, S7" comment="" />
<PART_OF id="P6" fromID="E10" fromText="input" toID="E9" toText="algorithms" relationship="member_of" negativity="positive" signal_list="S8" comment="" />
<PART_OF id="P7" fromID="E11" fromText="attempts" toID="E12" toText="formalization" relationship="part_of" negativity="positive" signal_list="S9" comment="" />
<PART_OF id="P8" fromID="E13" fromText="functions" toID="E14" toText="formalizations" relationship="member_of" negativity="positive" signal_list="S10" comment="" />
<PART_OF id="P9" fromID="E15" fromText="calculus" toID="E14" toText="formalizations" relationship="member_of" negativity="positive" signal_list="S10" comment="" />
<PART_OF id="P10" fromID="E16" fromText="Formulation" toID="E14" toText="formalizations" relationship="member_of" negativity="positive" signal_list="S10" comment="" />
<PART_OF id="P11" fromID="E17" fromText="machines" toID="E14" toText="formalizations" relationship="member_of" negativity="positive" signal_list="" comment="" />
<PART_OF id="P12" fromID="E18" fromText="step" toID="E20" toText="procedure" relationship="member_of" negativity="positive" signal_list="" comment="" />
<PART_OF id="P13" fromID="E19" fromText="step" toID="E20" toText="procedure" relationship="member_of" negativity="positive" signal_list="" comment="" />
<PART_OF id="P14" fromID="E3" fromText="state" toID="E21" toText="computation" relationship="part_of" negativity="positive" signal_list="S3 S4" comment="" />
<PART_OF id="P15" fromID="E4" fromText="input" toID="E21" toText="computation" relationship="part_of" negativity="positive" signal_list="S3 S4" comment="" />
<PART_OF id="P16" fromID="E8" fromText="states" toID="E21" toText="computation" relationship="part_of" negativity="positive" signal_list="" comment="" />
<PART_OF id="P17" fromID="E6" fromText="output" toID="E21" toText="computation" relationship="part_of" negativity="positive" signal_list="S1" comment="" />
<PART_OF id="P18" fromID="E7" fromText="state" toID="E21" toText="computation" relationship="part_of" negativity="positive" signal_list="S6 S7" comment="" />
<PART_OF id="P19" fromID="E23" fromText="rules" toID="E22" toText="algorism" relationship="part_of" negativity="positive" signal_list="" comment="" />
<SIGNAL id="S0" start="285" end="287" text="of" />
<SIGNAL id="S3" start="348" end="356" text="Starting" />
<SIGNAL id="S4" start="357" end="361" text="from" />
<SIGNAL id="S5" start="565" end="574" text="producing" />
<SIGNAL id="S6" start="591" end="602" text="terminating" />
<SIGNAL id="S7" start="603" end="605" text="at" />
<SIGNAL id="S8" start="753" end="764" text="incorporate" />
<SIGNAL id="S9" start="953" end="960" text="partial" />
<SIGNAL id="S10" start="1264" end="1272" text="included" />
<SIGNAL id="S1" start="483" end="498" text="proceed through" />
<SIGNAL id="S2" start="813" end="824" text="referred to" />
</TAGS>
</PartML>