<?xml version="1.0" encoding="UTF-8" ?>
<PartML>
<TEXT><![CDATA[
Ark of the Covenant

The Ark of the Covenant, also known as the Ark of the Testimony, is a chest described in the Book of Exodus as containing the Tablets of Stone on which the Ten Commandments were inscribed. According to some traditional interpretations of the Book of Exodus, Book of Numbers, and the Letter to the Hebrews the Ark also contained Aaron's rod, a jar of manna and the first Torah scroll as written by Moses; however, the first of the Books of Kings says that at the time of King Solomon, the Ark contained only the two Tablets of the Law. According to the Book of Exodus, the Ark was built at the command of God, in accordance with the instructions given to Moses on Mount Sinai. God was said to have communicated with Moses "from between the two cherubim" on the Ark's cover.

The biblical account relates that during the Israelites' exodus from Egypt, the Ark was carried by the priests some 2,000 cubits in advance of the people and their army, or host. When the Ark was borne by priests into the bed of the Jordan, water in the river separated, opening a pathway for the entire host to pass through. The city of Jericho was taken with no more than a shout after the Ark of the Covenant was paraded for seven days around its wall by seven priests sounding seven trumpets of rams' horns. When carried, the Ark was always wrapped in a veil, in skins and a blue cloth, and was carefully concealed, even from the eyes of the priests who carried it. There are no contemporary extra-biblical references to the Ark.

According to the Book of Exodus, Yahweh instructed Moses on Mount Sinai during his 40-day stay upon the mountain within the thick cloud and darkness where God was (Ex. 19:20; 24:18) and he was shown the pattern for the tabernacle and furnishings of the Ark to be made of shittim wood to ho
]]></TEXT>
<TAGS>
<ENTITY id="E1" start="148" end="164" text="Tablets of Stone" type="physical" reference_count="multiple" comment="" />
<ENTITY id="E2" start="331" end="334" text="Ark" type="physical" reference_count="single" comment="" />
<ENTITY id="E3" start="358" end="361" text="rod" type="physical" reference_count="single" comment="" />
<ENTITY id="E4" start="365" end="368" text="jar" type="physical" reference_count="single" comment="" />
<ENTITY id="E5" start="372" end="377" text="manna" type="physical" reference_count="mass" comment="" />
<ENTITY id="E7" start="398" end="404" text="scroll" type="physical" reference_count="single" comment="" />
<ENTITY id="E8" start="510" end="513" text="Ark" type="physical" reference_count="single" comment="" />
<ENTITY id="E9" start="537" end="555" text="Tablets of the Law" type="physical" reference_count="single" comment="" />
<ENTITY id="E10" start="1784" end="1787" text="Ark" type="physical" reference_count="single" comment="" />
<ENTITY id="E11" start="1810" end="1814" text="wood" type="physical" reference_count="mass" comment="" />
<ENTITY id="E12" start="92" end="97" text="chest" type="physical" reference_count="single" comment="" />
<ENTITY id="E0" start="182" end="194" text="Commandments" type="physical" reference_count="single" comment="" />
<ENTITY id="E6" start="168" end="173" text="which" type="physical" reference_count="single" comment="" />
<PART_OF id="P0" fromID="E12" fromText="chest" toID="E1" toText="Tablets of Stone" relationship="part_of" negativity="positive" signal_list="S1" comment="" />
<PART_OF id="P1" fromID="E2" fromText="Ark" toID="E3" toText="rod" relationship="part_of" negativity="positive" signal_list="S2" comment="" />
<PART_OF id="P2" fromID="E2" fromText="Ark" toID="E4" toText="jar" relationship="part_of" negativity="positive" signal_list="S2" comment="" />
<PART_OF id="P3" fromID="E2" fromText="Ark" toID="E7" toText="scroll" relationship="part_of" negativity="positive" signal_list="S2" comment="" />
<PART_OF id="P4" fromID="E4" fromText="jar" toID="E5" toText="manna" relationship="part_of" negativity="positive" signal_list="S3" comment="" />
<PART_OF id="P5" fromID="E8" fromText="Ark" toID="E9" toText="Tablets of the Law" relationship="part_of" negativity="positive" signal_list="S4" comment="" />
<PART_OF id="P6" fromID="E10" fromText="Ark" toID="E11" toText="wood" relationship="substance_of" negativity="positive" signal_list="" comment="" />
<PART_OF id="P7" fromID="E0" fromText="Commandments" toID="E6" toText="which" relationship="part_of" negativity="positive" signal_list="" comment="" />
<SIGNAL id="S1" start="133" end="143" text="containing" />
<SIGNAL id="S2" start="340" end="349" text="contained" />
<SIGNAL id="S3" start="369" end="371" text="of" />
<SIGNAL id="S4" start="514" end="523" text="contained" />
<SIGNAL id="S5" start="1794" end="1798" text="made" />
<SIGNAL id="S0" start="200" end="209" text="inscribed" />
<SIGNAL id="S6" start="165" end="167" text="on" />
</TAGS>
</PartML>