<?xml version="1.0" encoding="UTF-8" ?>
<PartML>
<TEXT><![CDATA[
Bojjannakonda

This is the eastern hill covered with a large group of monolithic stupas surrounding the rock-cut platforms of the Maha stupa The dome of the stupa is found constructed of brick.

Groups of rock-cut and brick stupas and small chaityas surround this stupa. In two of the brick stupas, stone relic caskets in the form of miniature stupas were found. There is also a stone [Linga being the name locally applied to the stupa].An Image of the Goddess Hariti is found at the foot of the hill as per the archaeological sources.

In all, on this hill [Bojjannakonda], there are six rock-cut caves of which some have sculptured panels. In general, each panel consists of a seated Buddha and attendants. There are also Terraced Chaitya Griha's present towards North of the Maha Stupa. These form the monastery for the Buddhist monks.

The western hill is known as Lingalakonda is covered with a large number of rock-cut small stupas form the shape of a ridge. Numerous antiquities were recovered during the excavations 
]]></TEXT>
<TAGS>
<ENTITY id="E0" start="188" end="193" text="brick" type="physical" reference_count="single" comment="" />
<ENTITY id="E1" start="146" end="150" text="dome" type="physical" reference_count="single" comment="" />
<ENTITY id="E2" start="158" end="163" text="stupa" type="physical" reference_count="single" comment="" />
<ENTITY id="E3" start="312" end="319" text="caskets" type="physical" reference_count="multiple" comment="" />
<ENTITY id="E4" start="292" end="298" text="stupas" type="physical" reference_count="multiple" comment="" />
<ENTITY id="E6" start="485" end="489" text="foot" type="physical" reference_count="single" comment="" />
<ENTITY id="E7" start="497" end="501" text="hill" type="physical" reference_count="single" comment="" />
<ENTITY id="E8" start="608" end="613" text="which" type="physical" reference_count="ambiguous" comment="" />
<ENTITY id="E9" start="635" end="641" text="panels" type="physical" reference_count="multiple" comment="" />
<ENTITY id="E10" start="687" end="693" text="Buddha" type="physical" reference_count="single" comment="" />
<ENTITY id="E11" start="698" end="708" text="attendants" type="physical" reference_count="multiple" comment="" />
<ENTITY id="E12" start="660" end="665" text="panel" type="physical" reference_count="single" comment="" />
<ENTITY id="E13" start="791" end="796" text="These" type="physical" reference_count="multiple" comment="" />
<ENTITY id="E14" start="806" end="815" text="monastery" type="physical" reference_count="single" comment="" />
<ENTITY id="E15" start="742" end="749" text="Griha's" type="physical" reference_count="multiple" comment="" />
<ENTITY id="E16" start="959" end="964" text="ridge" type="physical" reference_count="single" comment="" />
<ENTITY id="E17" start="932" end="938" text="stupas" type="physical" reference_count="multiple" comment="" />
<ENTITY id="E5" start="105" end="109" text="rock" type="physical" reference_count="single" comment="" />
<ENTITY id="E18" start="114" end="123" text="platforms" type="physical" reference_count="single" comment="" />
<ENTITY id="E19" start="206" end="210" text="rock" type="physical" reference_count="single" comment="" />
<ENTITY id="E20" start="219" end="224" text="brick" type="physical" reference_count="single" comment="" />
<ENTITY id="E21" start="225" end="231" text="stupas" type="physical" reference_count="single" comment="" />
<ENTITY id="E22" start="554" end="558" text="hill" type="physical" reference_count="single" comment="" />
<ENTITY id="E23" start="599" end="604" text="caves" type="physical" reference_count="single" comment="" />
<ENTITY id="E25" start="590" end="594" text="rock" type="physical" reference_count="single" comment="" />
<ENTITY id="E26" start="917" end="921" text="rock" type="physical" reference_count="single" comment="" />
<PART_OF id="P0" fromID="E1" fromText="dome" toID="E2" toText="stupa" relationship="part_of" negativity="positive" signal_list="S0" comment="" />
<PART_OF id="P2" fromID="E3" fromText="caskets" toID="E4" toText="stupas" relationship="part_of" negativity="positive" signal_list="S3, S4" comment="" />
<PART_OF id="P3" fromID="E6" fromText="foot" toID="E7" toText="hill" relationship="part_of" negativity="positive" signal_list="S5" comment="" />
<PART_OF id="P4" fromID="E9" fromText="panels" toID="E8" toText="which" relationship="part_of" negativity="positive" signal_list="S6" comment="" />
<PART_OF id="P5" fromID="E10" fromText="Buddha" toID="E12" toText="panel" relationship="part_of" negativity="positive" signal_list="S7, S8" comment="" />
<PART_OF id="P6" fromID="E11" fromText="attendants" toID="E12" toText="panel" relationship="part_of" negativity="positive" signal_list="S7, S8" comment="" />
<PART_OF id="P7" fromID="E15" fromText="Griha's" toID="E13" toText="These" relationship="member_of" negativity="positive" signal_list="" comment="" />
<PART_OF id="P8" fromID="E13" fromText="These" toID="E14" toText="monastery" relationship="part_of" negativity="positive" signal_list="S9" comment="" />
<PART_OF id="P9" fromID="E17" fromText="stupas" toID="E16" toText="ridge" relationship="part_of" negativity="positive" signal_list="S10" comment="" />
<PART_OF id="P10" fromID="E5" fromText="rock" toID="E18" toText="platforms" relationship="substance_of" negativity="positive" signal_list="S11" comment="" />
<PART_OF id="P11" fromID="E0" fromText="brick" toID="E1" toText="dome" relationship="substance_of" negativity="positive" signal_list="S1 S2" comment="" />
<PART_OF id="P12" fromID="E19" fromText="rock" toID="E21" toText="stupas" relationship="substance_of" negativity="positive" signal_list="S12" comment="" />
<PART_OF id="P13" fromID="E20" fromText="brick" toID="E21" toText="stupas" relationship="substance_of" negativity="positive" signal_list="" comment="" />
<PART_OF id="P14" fromID="E23" fromText="caves" toID="E22" toText="hill" relationship="part_of" negativity="positive" signal_list="S13" comment="" />
<PART_OF id="P15" fromID="E25" fromText="rock" toID="E23" toText="caves" relationship="substance_of" negativity="positive" signal_list="S14" comment="" />
<PART_OF id="P16" fromID="E26" fromText="rock" toID="E17" toText="stupas" relationship="substance_of" negativity="positive" signal_list="" comment="" />
<SIGNAL id="S0" start="151" end="153" text="of" />
<SIGNAL id="S1" start="173" end="184" text="constructed" />
<SIGNAL id="S2" start="185" end="187" text="of" />
<SIGNAL id="S3" start="272" end="274" text="In" />
<SIGNAL id="S4" start="357" end="362" text="found" />
<SIGNAL id="S5" start="490" end="492" text="of" />
<SIGNAL id="S6" start="619" end="623" text="have" />
<SIGNAL id="S7" start="666" end="674" text="consists" />
<SIGNAL id="S8" start="675" end="677" text="of" />
<SIGNAL id="S9" start="797" end="801" text="form" />
<SIGNAL id="S10" start="939" end="943" text="form" />
<SIGNAL id="S11" start="110" end="113" text="cut" />
<SIGNAL id="S12" start="211" end="214" text="cut" />
<SIGNAL id="S13" start="546" end="548" text="on" />
<SIGNAL id="S14" start="595" end="598" text="cut" />
<SIGNAL id="S15" start="922" end="925" text="cut" />
</TAGS>
</PartML>