<?xml version="1.0" encoding="UTF-8" ?>
<PartML>
<TEXT><![CDATA[
City

A city is a relatively large and permanent settlement.[1][2] Although there is no agreement on how a city is distinguished from a town within general English language meanings, many cities have a particular administrative, legal, or historical status based on local law.
For example, in the American state of Massachusetts an article of incorporation approved by the local state legislature distinguishes a city government from a town. In the United Kingdom and parts of the Commonwealth of Nations, a city is usually a settlement with a royal charter.[1] Historically, in Europe, a city was understood[citation needed] by some to mean an urban settlement with a cathedral. The belief in this distinction is also common in England, where the presence of a cathedral is thought by many to distinguish a 'city' (sometimes called a 'cathedral city') from a 'town' (which has a parish church[citation needed]); the belief is incorrect (Chelmsford, for example, became a city only in 2012, but had a cathedral for most of the 20th century).
Cities generally have complex systems for sanitation, utilities, land usage, housing, and transportation. The concentration of development greatly facilitates interaction between people and businesses, benefiting both parties in the process. A big city or metropolis usually has associated suburbs and exurbs. Such cities are usually associated with metropolitan areas and urban areas, creating numerous business commuters traveling to urban centers for employment. Once a city expands far enough to reach another city, this region can be deemed a conurbation or megalopolis.
]]></TEXT>
<TAGS>
<ENTITY id="E0" start="469" end="474" text="parts" type="abstract" reference_count="multiple" comment="" />
<ENTITY id="E1" start="482" end="494" text="Commonwealth" type="abstract" reference_count="single" comment="" />
<ENTITY id="E2" start="670" end="679" text="cathedral" type="physical" reference_count="single" comment="" />
<ENTITY id="E3" start="652" end="662" text="settlement" type="physical" reference_count="single" comment="" />
<ENTITY id="E4" start="888" end="894" text="church" type="physical" reference_count="single" comment="" />
<ENTITY id="E5" start="869" end="874" text="which" type="physical" reference_count="single" comment="" />
<ENTITY id="E7" start="1333" end="1340" text="suburbs" type="physical" reference_count="multiple" comment="" />
<ENTITY id="E8" start="1345" end="1351" text="exurbs" type="physical" reference_count="multiple" comment="" />
<ENTITY id="E9" start="1299" end="1309" text="metropolis" type="physical" reference_count="single" comment="" />
<ENTITY id="E10" start="1291" end="1295" text="city" type="physical" reference_count="single" comment="" />
<ENTITY id="E6" start="1043" end="1049" text="Cities" type="physical" reference_count="multiple" comment="" />
<ENTITY id="E11" start="1073" end="1080" text="systems" type="physical" reference_count="multiple" comment="" />
<PART_OF id="P0" fromID="E0" fromText="parts" toID="E1" toText="Commonwealth" relationship="member_of" negativity="positive" signal_list="S0" comment="organization" />
<PART_OF id="P1" fromID="E2" fromText="cathedral" toID="E3" toText="settlement" relationship="part_of" negativity="positive" signal_list="S1" comment="urban structure" />
<PART_OF id="P2" fromID="E4" fromText="church" toID="E5" toText="which" relationship="part_of" negativity="positive" signal_list="S2" comment="urban structure" />
<PART_OF id="P3" fromID="E7" fromText="suburbs" toID="E10" toText="city" relationship="part_of" negativity="positive" signal_list="" comment="urban structure" />
<PART_OF id="P4" fromID="E7" fromText="suburbs" toID="E9" toText="metropolis" relationship="part_of" negativity="positive" signal_list="" comment="urban structure" />
<PART_OF id="P5" fromID="E8" fromText="exurbs" toID="E10" toText="city" relationship="part_of" negativity="positive" signal_list="" comment="urban structure" />
<PART_OF id="P6" fromID="E8" fromText="exurbs" toID="E9" toText="metropolis" relationship="part_of" negativity="positive" signal_list="" comment="" />
<PART_OF id="P7" fromID="E11" fromText="systems" toID="E6" toText="Cities" relationship="part_of" negativity="positive" signal_list="" comment="" />
<SIGNAL id="S0" start="475" end="477" text="of" />
<SIGNAL id="S1" start="663" end="667" text="with" />
<SIGNAL id="S2" start="875" end="878" text="has" />
<SIGNAL id="S3" start="1060" end="1064" text="have" />
</TAGS>
</PartML>