<?xml version="1.0" encoding="UTF-8" ?>
<PartML>
<TEXT><![CDATA[
Cogglesford Mill

Cogglesford Mill (sometimes referred to as Coggesford) is a Grade II listed working watermill in Sleaford, Lincolnshire. It is possibly the last working Sheriff's Mill in England. The mill sits to the north of Sleaford on banks of River Slea. There is archaeological evidence of a Saxon mill on the site and records in the Domesday book of later mills; the present redbrick structure dates to the late 18th century, with alterations from the 19th Century.

The ford from which the mill takes its name is where the Roman road now called Mareham Lane crossed the Slea. The original crossing, no longer extant, is a few hundred yards downstream of the mill, close to the current footbridge.

There were many other mills along the river at various times. During the construction of the Sleaford Navigation, in the 1790s, locks were provided at each of the mills to maintain the necessary head. After the navigation closed and as the locks fell into repair they were replaced by weirs, and the weir at Cogglesford is particularly elaborate, having to maintain the head of this still working mill.
Cogglesford mill (including the mill race and bridge) was assigned a listed status on 20 July 1973. The mill is open to the public 7 days a week during the summer and Organic stoneground flour is milled there and sold in shop.

]]></TEXT>
<TAGS>
<ENTITY id="E0" start="836" end="841" text="locks" type="physical" reference_count="single" comment="" />
<ENTITY id="E2" start="871" end="876" text="mills" type="physical" reference_count="single" comment="" />
<ENTITY id="E3" start="993" end="998" text="weirs" type="physical" reference_count="single" comment="" />
<ENTITY id="E1" start="327" end="334" text="records" type="physical" reference_count="multiple" comment="" />
<ENTITY id="E4" start="351" end="355" text="book" type="physical" reference_count="multiple" comment="" />
<ENTITY id="E5" start="384" end="392" text="redbrick" type="physical" reference_count="mass" comment="" />
<ENTITY id="E6" start="393" end="402" text="structure" type="physical" reference_count="single" comment="" />
<PART_OF id="P0" fromID="E3" fromText="weirs" toID="E2" toText="mills" relationship="part_of" negativity="positive" signal_list="S0" comment="Dubious... not sure if this counts." />
<PART_OF id="P1" fromID="E0" fromText="locks" toID="E2" toText="mills" relationship="part_of" negativity="positive" signal_list="S0" comment="Dubious... not sure if this counts" />
<PART_OF id="P2" fromID="E1" fromText="records" toID="E4" toText="book" relationship="part_of" negativity="positive" signal_list="S1" comment="" />
<PART_OF id="P3" fromID="E5" fromText="redbrick" toID="E6" toText="structure" relationship="substance_of" negativity="positive" signal_list="" comment="" />
<SIGNAL id="S0" start="856" end="858" text="at" />
<SIGNAL id="S1" start="335" end="337" text="in" />
</TAGS>
</PartML>