<?xml version="1.0" encoding="UTF-8" ?>
<PartML>
<TEXT><![CDATA[
Computer Science

Computer science or computing science (abbreviated CS or CompSci) is the scientific and practical approach to computation and its applications. A computer scientist specializes in the theory of computation and the design of computational systems.[1]
Its subfields can be divided into a variety of theoretical and practical disciplines. Some fields, such as computational complexity theory (which explores the fundamental properties of computational problems), are highly abstract, whilst fields such as computer graphics emphasize real-world applications. Still other fields focus on the challenges in implementing computation. For example, programming language theory considers various approaches to the description of computation, whilst the study of computer programming itself investigates various aspects of the use of programming language and complex systems. Human-computer interaction considers the challenges in making computers and computations useful, usable, and universally accessible to humans.

]]></TEXT>
<TAGS>
<ENTITY id="E0" start="681" end="687" text="theory" type="abstract" reference_count="single" comment="" />
<ENTITY id="E1" start="706" end="716" text="approaches" type="abstract" reference_count="multiple" comment="" />
<ENTITY id="E2" start="793" end="799" text="itself" type="abstract" reference_count="single" comment="" />
<ENTITY id="E3" start="836" end="839" text="use" type="abstract" reference_count="single" comment="" />
<ENTITY id="E4" start="900" end="911" text="interaction" type="abstract" reference_count="single" comment="" />
<ENTITY id="E5" start="926" end="936" text="challenges" type="abstract" reference_count="multiple" comment="" />
<PART_OF id="P0" fromID="E1" fromText="approaches" toID="E0" toText="theory" relationship="part_of" negativity="positive" signal_list="S0" comment="" />
<PART_OF id="P1" fromID="E3" fromText="use" toID="E2" toText="itself" relationship="part_of" negativity="positive" signal_list="S1" comment="" />
<PART_OF id="P2" fromID="E5" fromText="challenges" toID="E4" toText="interaction" relationship="part_of" negativity="positive" signal_list="" comment="" />
<SIGNAL id="S0" start="688" end="697" text="considers" />
<SIGNAL id="S1" start="800" end="812" text="investigates" />
<SIGNAL id="S2" start="912" end="921" text="considers" />
</TAGS>
</PartML>