<?xml version="1.0" encoding="UTF-8" ?>
<PartML>
<TEXT><![CDATA[
Computer Network

A computer network, or simply a network, is a collection of computers and other hardware interconnected by communication channels that allow sharing of resources and information. Where at least one process in one device is able to send/receive data to/from at least one process residing in a remote device, then the two devices are said to be in a network. A network is a group of devices connected to each other. Networks may be classified into a wide variety of characteristics: the medium used to transport the data, communications protocol used, scale, topology, benefit, and organizational scope.

Communication protocols define the rules and data formats for exchanging information in a computer network, and provide the basis for network programming. Well-known communications protocols include two Ethernet, a hardware and link layer standard that is ubiquitous in local area networks, and the Internet protocol suite, which defines a set of protocols for internetworking, i.e. for data communication between multiple networks, as well as host-to-host data transfer, and application-specific data transmission formats.

Computer networking is sometimes considered a sub-discipline of electrical engineering, telecommunications, computer science, information technology or computer engineering, since it relies upon the theoretical and practical application of these disciplines.

A network card, network adapter, or NIC (network interface card) is a piece of computer hardware designed to allow computers to physically access a networking medium. It provides a low-level addressing system through the use of MAC addresses.

Each Ethernet network interface has a unique MAC address which is usually stored in a small memory device on the card, allowing any device to connect to the network without creating an address conflict. Ethernet MAC addresses are composed of six octets. Uniqueness is maintained by the IEEE, which manages the Ethernet address space by assigning 3-octet prefixes to equipment manufacturers. The list of prefixes is publicly available. Each manufacturer is then obliged to both use only their assigned prefix(es) and to uniquely set the 3-octet suffix of every Ethernet interface they produce.

A repeater is an electronic device that receives a signal, cleans it of unnecessary noise, regenerates it, and retransmits it at a higher power level, or to the other side of an obstruction, so that the signal can cover longer distances without degradation. In most twisted pair Ethernet configurations, repeaters are required for cable that runs longer than 100 meters. A repeater with multiple ports is known as a hub. Repeaters work on the physical layer of the OSI model. Repeaters require a small amount of time to regenerate the signal. This can cause a propagation delay which can affect network communication when there are several repeaters in a row. Many network architectures limit the number of repeaters that can be used in a row (e.g. Ethernet's 5-4-3 rule).

Today, repeaters and hubs have been made mostly obsolete by switches (see below).

A network bridge connects multiple network segments at the data link layer (layer 2) of the OSI model. Bridges broadcast to all ports except the port on which the broadcast was received. However, bridges do not promiscuously copy traffic to all ports, as hubs do, but learn which MAC addresses are reachable through specific ports. Once the bridge associates a port and an address, it will send traffic for that address to that port only.

Bridges learn the association of ports and addresses by examining the source address of frames that it sees on various ports. Once a frame arrives through a port, its source address is stored and the bridge assumes that MAC address is associated with that port. The first time that a previously unknown destination address is seen, the bridge will forward the frame to all ports other than the one on which the frame arrived.

]]></TEXT>
<TAGS>
<ENTITY id="E1" start="79" end="88" text="computers" type="physical" reference_count="multiple" comment="" />
<ENTITY id="E2" start="99" end="107" text="hardware" type="physical" reference_count="mass" comment="" />
<ENTITY id="E4" start="400" end="407" text="devices" type="physical" reference_count="multiple" comment="" />
<ENTITY id="E7" start="969" end="978" text="protocols" type="abstract" reference_count="multiple" comment="" />
<ENTITY id="E8" start="1700" end="1707" text="address" type="physical" reference_count="single" comment="" />
<ENTITY id="E9" start="1673" end="1682" text="interface" type="abstract" reference_count="single" comment="" />
<ENTITY id="E11" start="1897" end="1903" text="octets" type="physical" reference_count="multiple" comment="" />
<ENTITY id="E12" start="1867" end="1876" text="addresses" type="physical" reference_count="multiple" comment="" />
<ENTITY id="E13" start="2189" end="2194" text="octet" type="physical" reference_count="single" comment="" />
<ENTITY id="E14" start="2195" end="2202" text="suffix " type="physical" reference_count="single" comment="" />
<ENTITY id="E15" start="2220" end="2229" text="interface" type="abstract" reference_count="single" comment="" />
<ENTITY id="E16" start="2412" end="2416" text="side" type="physical" reference_count="single" comment="" />
<ENTITY id="E17" start="2423" end="2434" text="obstruction" type="physical" reference_count="single" comment="" />
<ENTITY id="E18" start="2641" end="2646" text="ports" type="physical" reference_count="multiple" comment="" />
<ENTITY id="E19" start="2618" end="2626" text="repeater" type="physical" reference_count="single" comment="" />
<ENTITY id="E21" start="2697" end="2702" text="layer" type="abstract" reference_count="single" comment="" />
<ENTITY id="E22" start="2714" end="2719" text="model" type="abstract" reference_count="single" comment="" />
<ENTITY id="E23" start="3171" end="3176" text="layer" type="abstract" reference_count="single" comment="" />
<ENTITY id="E24" start="3198" end="3203" text="model" type="abstract" reference_count="single" comment="" />
<ENTITY id="E25" start="3619" end="3626" text="address" type="physical" reference_count="single" comment="" />
<ENTITY id="E26" start="3630" end="3636" text="frames" type="physical" reference_count="multiple" comment="" />
<ENTITY id="E27" start="3705" end="3708" text="its" type="physical" reference_count="single" comment="" />
<ENTITY id="E28" start="3716" end="3723" text="address" type="physical" reference_count="single" comment="" />
<ENTITY id="E6" start="140" end="148" text="channels" type="physical" reference_count="multiple" comment="" />
<ENTITY id="E10" start="51" end="58" text="network" type="physical" reference_count="single" comment="" />
<ENTITY id="E20" start="339" end="346" text="devices" type="physical" reference_count="multiple" comment="" />
<ENTITY id="E29" start="367" end="374" text="network" type="physical" reference_count="single" comment="" />
<ENTITY id="E30" start="378" end="385" text="network" type="physical" reference_count="single" comment="" />
<ENTITY id="E31" start="946" end="951" text="which" type="physical" reference_count="single" comment="" />
<ENTITY id="E32" start="1574" end="1576" text="It" type="physical" reference_count="single" comment="" />
<ENTITY id="E33" start="1639" end="1648" text="addresses" type="physical" reference_count="multiple" comment="" />
<ENTITY id="E34" start="2296" end="2302" text="signal" type="abstract" reference_count="single" comment="" />
<ENTITY id="E35" start="2329" end="2334" text="noise" type="abstract" reference_count="single" comment="" />
<PART_OF id="P4" fromID="E8" fromText="address" toID="E9" toText="interface" relationship="part_of" negativity="positive" signal_list="S3" comment="" />
<PART_OF id="P5" fromID="E11" fromText="octets" toID="E12" toText="addresses" relationship="substance_of" negativity="positive" signal_list="S4" comment="substance of because the octects are not 'removable' from the address, eg. like bike--steel vs. tomato salad" />
<PART_OF id="P6" fromID="E13" fromText="octet" toID="E14" toText="suffix " relationship="substance_of" negativity="positive" signal_list="" comment="" />
<PART_OF id="P7" fromID="E14" fromText="suffix " toID="E15" toText="interface" relationship="part_of" negativity="positive" signal_list="S5" comment="" />
<PART_OF id="P8" fromID="E16" fromText="side" toID="E17" toText="obstruction" relationship="part_of" negativity="positive" signal_list="S6" comment="" />
<PART_OF id="P9" fromID="E18" fromText="ports" toID="E19" toText="repeater" relationship="part_of" negativity="positive" signal_list="S7" comment="" />
<PART_OF id="P10" fromID="E21" fromText="layer" toID="E22" toText="model" relationship="part_of" negativity="positive" signal_list="S8" comment="" />
<PART_OF id="P11" fromID="E23" fromText="layer" toID="E24" toText="model" relationship="part_of" negativity="positive" signal_list="S9" comment="" />
<PART_OF id="P12" fromID="E25" fromText="address" toID="E26" toText="frames" relationship="part_of" negativity="positive" signal_list="S10" comment="" />
<PART_OF id="P13" fromID="E28" fromText="address" toID="E27" toText="its" relationship="part_of" negativity="positive" signal_list="" comment="" />
<PART_OF id="P14" fromID="E6" fromText="channels" toID="E10" toText="network" relationship="part_of" negativity="positive" signal_list="" comment="" />
<PART_OF id="P15" fromID="E20" fromText="devices" toID="E29" toText="network" relationship="part_of" negativity="positive" signal_list="" comment="" />
<PART_OF id="P16" fromID="E1" fromText="computers" toID="E10" toText="network" relationship="part_of" negativity="positive" signal_list="S0" comment="" />
<PART_OF id="P17" fromID="E2" fromText="hardware" toID="E10" toText="network" relationship="part_of" negativity="positive" signal_list="" comment="" />
<PART_OF id="P18" fromID="E4" fromText="devices" toID="E30" toText="network" relationship="part_of" negativity="positive" signal_list="S1" comment="" />
<PART_OF id="P19" fromID="E7" fromText="protocols" toID="E31" toText="which" relationship="member_of" negativity="positive" signal_list="S2" comment="" />
<PART_OF id="P20" fromID="E33" fromText="addresses" toID="E32" toText="It" relationship="part_of" negativity="positive" signal_list="S11" comment="" />
<PART_OF id="P21" fromID="E35" fromText="noise" toID="E34" toText="signal" relationship="part_of" negativity="positive" signal_list="" comment="" />
<SIGNAL id="S3" start="1683" end="1686" text="has" />
<SIGNAL id="S4" start="1881" end="1892" text="composed of" />
<SIGNAL id="S5" start="2202" end="2204" text="of" />
<SIGNAL id="S6" start="2417" end="2419" text="of" />
<SIGNAL id="S7" start="2627" end="2631" text="with" />
<SIGNAL id="S8" start="2703" end="2705" text="of" />
<SIGNAL id="S9" start="3187" end="3189" text="of" />
<SIGNAL id="S10" start="3627" end="3629" text="of" />
<SIGNAL id="S0" start="65" end="78" text="collection of" />
<SIGNAL id="S1" start="391" end="399" text="group of" />
<SIGNAL id="S2" start="952" end="959" text="defines" />
<SIGNAL id="S11" start="1577" end="1585" text="provides" />
</TAGS>
</PartML>