<?xml version="1.0" encoding="UTF-8" ?>
<PartML>
<TEXT><![CDATA[
English

English is a West Germanic language that was first spoken in early medieval England and is now the most widely used language in the world.[4] It is spoken as a first language by the majority populations of several sovereign states, including the United Kingdom, the United States, Canada, Australia, Ireland, New Zealand and a number of Caribbean nations. It is the third-most-common native language in the world, after Mandarin Chinese and Spanish.[5] It is widely learned as a second language and is an official language of the European Union, many Commonwealth countries and the United Nations, as well as in many world organisations.
English arose in the Anglo-Saxon kingdoms of England and what is now southeast Scotland. Following the extensive influence of Great Britain and the United Kingdom from the 17th century to the mid-20th century, through the British Empire, and also of the United States since the mid-20th century,[6][7][8][9] it has been widely propagated around the world, becoming the leading language of international discourse and the lingua franca in many regions.[10][11]
Historically, English originated from the fusion of closely related dialects, now collectively termed Old English, which were brought to the eastern coast of Great Britain by Germanic settlers (Anglo-Saxons) by the 5th century – with the word English being derived from the name of the Angles,[12] and ultimately from their ancestral region of Angeln (in what is now Schleswig-Holstein). A significant number of English words are constructed on the basis of roots from Latin, because Latin in some form was the lingua franca of the Christian Church and of European intellectual life.[13] The language was further influenced by the Old Norse language because of Viking invasions in the 9th and 10th centuries.
The Norman conquest of England in the 11th century gave rise to heavy borrowings from Norman-French, and vocabulary and spelling conventions began to give the appearance of a close relationship with Romance languages[14][15] to what had then become Middle English. The Great Vowel Shift that began in the south of England in the 15th century is one of the historical events that mark the emergence of Modern English from Middle English.
Owing to the assimilation of words from many other languages throughout history, modern English contains a very large vocabulary, with complex and irregular spelling, particularly of vowels. Modern English has not only assimilated words from other European languages, but from all over the world. The Oxford English Dictionary lists over 250,000 distinct words, not including many technical, scientific, and slang terms.[16][17]

]]></TEXT>
<TAGS>
<ENTITY id="E0" start="201" end="212" text="populations" type="physical" reference_count="multiple" comment="" />
<ENTITY id="E1" start="234" end="240" text="states" type="abstract" reference_count="multiple" comment="" />
<ENTITY id="E9" start="2283" end="2288" text="words" type="abstract" reference_count="multiple" comment="" />
<ENTITY id="E10" start="2305" end="2314" text="languages" type="abstract" reference_count="multiple" comment="" />
<ENTITY id="E11" start="2342" end="2349" text="English" type="abstract" reference_count="single" comment="" />
<ENTITY id="E12" start="2372" end="2382" text="vocabulary" type="abstract" reference_count="single" comment="" />
<ENTITY id="E13" start="2411" end="2419" text="spelling" type="abstract" reference_count="single" comment="" />
<ENTITY id="E14" start="2485" end="2490" text="words" type="abstract" reference_count="multiple" comment="" />
<ENTITY id="E15" start="2511" end="2520" text="languages" type="abstract" reference_count="multiple" comment="" />
<ENTITY id="E16" start="2609" end="2614" text="words" type="abstract" reference_count="multiple" comment="" />
<ENTITY id="E17" start="2570" end="2580" text="Dictionary" type="abstract" reference_count="single" comment="" />
<ENTITY id="E18" start="2668" end="2673" text="terms" type="abstract" reference_count="multiple" comment="" />
<ENTITY id="E2" start="1176" end="1184" text="dialects" type="abstract" reference_count="multiple" comment="" />
<ENTITY id="E3" start="1210" end="1221" text="Old English" type="abstract" reference_count="single" comment="" />
<PART_OF id="P0" fromID="E0" fromText="populations" toID="E1" toText="states" relationship="part_of" negativity="positive" signal_list="S0" comment="" />
<PART_OF id="P6" fromID="E9" fromText="words" toID="E10" toText="languages" relationship="part_of" negativity="positive" signal_list="S3" comment="" />
<PART_OF id="P7" fromID="E12" fromText="vocabulary" toID="E11" toText="English" relationship="part_of" negativity="positive" signal_list="S4" comment="" />
<PART_OF id="P8" fromID="E13" fromText="spelling" toID="E12" toText="vocabulary" relationship="part_of" negativity="positive" signal_list="S5" comment="" />
<PART_OF id="P9" fromID="E14" fromText="words" toID="E15" toText="languages" relationship="part_of" negativity="positive" signal_list="S6" comment="" />
<PART_OF id="P10" fromID="E16" fromText="words" toID="E17" toText="Dictionary" relationship="member_of" negativity="positive" signal_list="" comment="" />
<PART_OF id="P11" fromID="E18" fromText="terms" toID="E17" toText="Dictionary" relationship="member_of" negativity="negative" signal_list="S7 S8" comment="" />
<PART_OF id="P12" fromID="E2" fromText="dialects" toID="E3" toText="Old English" relationship="member_of" negativity="positive" signal_list="" comment="" />
<SIGNAL id="S0" start="213" end="215" text="of" />
<SIGNAL id="S3" start="2289" end="2293" text="from" />
<SIGNAL id="S4" start="2350" end="2358" text="contains" />
<SIGNAL id="S5" start="2384" end="2388" text="with" />
<SIGNAL id="S6" start="2491" end="2495" text="from" />
<SIGNAL id="S7" start="2616" end="2619" text="not" />
<SIGNAL id="S8" start="2620" end="2629" text="including" />
<SIGNAL id="S1" start="1190" end="1202" text="collectively" />
</TAGS>
</PartML>