<?xml version="1.0" encoding="UTF-8" ?>
<PartML>
<TEXT><![CDATA[
Latin

Latin (i/ˈlætɨn/; Latin: lingua latīna; IPA: [ˈlɪŋɡʷa laˈtiːna]) is an ancient Italic language[2] originally spoken by the Italic Latins in Latium and Ancient Rome. Along with most European languages, it is a descendant of the ancient Proto-Indo-European language. It originated in the Italian peninsula. Although it is considered a dead language, many modern languages (the Romance languages) are in fact living continuations of this language. Additionally, many students, scholars, and members of the Christian clergy speak it fluently, and it is still taught in some primary and secondary and many post-secondary educational institutions around the world.[3][4]
Latin is still used in the creation of new words in modern languages of many different families, including English, and in biological taxonomy. Latin and its daughter Romance languages are the only surviving languages of the Italic language family. Other languages of the Italic branch were attested in the inscriptions of early Italy, but were assimilated to Latin during the Roman Republic.
The extensive use of elements from vernacular speech by the earliest authors and inscriptions of the Roman Republic make it clear that the original, unwritten language of the Roman Monarchy was an only partially deducible colloquial form, the predecessor to Vulgar Latin. By the arrival of the late Roman Republic, a standard, literate form had arisen from the speech of the educated, now referred to as Classical Latin. Vulgar Latin, by contrast, is the name given to the more rapidly changing colloquial language, which was spoken throughout the empire.[5]
Because of the Roman conquest, Latin spread to many Mediterranean regions, and the dialects spoken in these areas, mixed to various degrees with the autochthonous languages, developed into the modern Romance tongues.[6] Classical Latin slowly changed with the Decline of the Roman Empire, as education and wealth became ever scarcer. The consequent Medieval Latin, influenced by various Germanic and proto-Romance languages until expurgated by Renaissance scholars, was used as the language of international communication, scholarship, and science until well into the 18th century, when it began to be supplanted by vernacular languages.
Latin is a highly inflected language, with three distinct genders, seven noun cases, four verb conjugations, six tenses, three persons, three moods, two voices, two aspects, and two numbers. A dual number ("a pair of") is present in Archaic Latin. One of the rarer of the seven cases is the locative, only marked in proper place names and a few common nouns. Otherwise, the locative function ("place where") has merged with the ablative. The vocative, a case of direct address, is marked by an ending only in words of the second declension. Otherwise, the vocative has merged with the nominative, except that the particle O typically precedes any vocative, marked or not. There are only five fully productive cases, that is, in the few instances of the formation of a distinct locative or vocative, the endings are specific to those words and cannot be placed on other stems of the declension to produce a locative or vocative. In contrast, the plural nominative ending of the first declension may be used to form any first declension plural.
As a result of this case ambiguity, different authors list different numbers of cases: 5, 6, or 7. Adjectives and adverbs are compared, and the former are inflected according to case, gender, and number. In view of the fact that adjectives are often used for nouns, the two are termed substantives. Although Classical Latin has demonstrative pronouns indicating different degrees of proximity ("this one here", "that one there"), it does not have articles. Later Romance language articles developed from the demonstrative pronouns, e.g. le and la (French) from ille and illa, and su and sa (Sardinian) from ipse and ipsa.

]]></TEXT>
<TAGS>
<ENTITY id="E0" start="496" end="503" text="members" type="physical" reference_count="multiple" comment="" />
<ENTITY id="E1" start="521" end="527" text="clergy" type="abstract" reference_count="single" comment="" />
<ENTITY id="E2" start="716" end="721" text="words" type="abstract" reference_count="multiple" comment="" />
<ENTITY id="E3" start="732" end="741" text="languages" type="abstract" reference_count="multiple" comment="" />
<ENTITY id="E4" start="760" end="768" text="families" type="abstract" reference_count="multiple" comment="" />
<ENTITY id="E5" start="881" end="890" text="languages" type="abstract" reference_count="multiple" comment="" />
<ENTITY id="E6" start="914" end="920" text="family" type="abstract" reference_count="single" comment="" />
<ENTITY id="E7" start="928" end="937" text="languages" type="abstract" reference_count="multiple" comment="" />
<ENTITY id="E8" start="952" end="958" text="branch" type="abstract" reference_count="single" comment="" />
<ENTITY id="E9" start="1087" end="1095" text="elements" type="abstract" reference_count="multiple" comment="" />
<ENTITY id="E10" start="1112" end="1118" text="speech" type="abstract" reference_count="mass" comment="" />
<ENTITY id="E11" start="2291" end="2299" text="language" type="abstract" reference_count="single" comment="" />
<ENTITY id="E12" start="2321" end="2328" text="genders" type="abstract" reference_count="multiple" comment="" />
<ENTITY id="E13" start="2341" end="2346" text="cases" type="abstract" reference_count="multiple" comment="" />
<ENTITY id="E14" start="2358" end="2370" text="conjugations" type="abstract" reference_count="multiple" comment="" />
<ENTITY id="E15" start="2376" end="2382" text="tenses" type="abstract" reference_count="multiple" comment="" />
<ENTITY id="E16" start="2390" end="2397" text="persons" type="abstract" reference_count="multiple" comment="" />
<ENTITY id="E17" start="2405" end="2410" text="moods" type="abstract" reference_count="multiple" comment="" />
<ENTITY id="E18" start="2416" end="2422" text="voices" type="abstract" reference_count="multiple" comment="" />
<ENTITY id="E19" start="2428" end="2435" text="aspects" type="abstract" reference_count="multiple" comment="" />
<ENTITY id="E20" start="2445" end="2452" text="numbers" type="abstract" reference_count="multiple" comment="" />
<ENTITY id="E21" start="2461" end="2467" text="number" type="abstract" reference_count="single" comment="" />
<ENTITY id="E23" start="2496" end="2509" text="Archaic Latin" type="abstract" reference_count="single" comment="" />
<ENTITY id="E24" start="2705" end="2713" text="vocative" type="abstract" reference_count="single" comment="" />
<ENTITY id="E25" start="2757" end="2763" text="ending" type="abstract" reference_count="single" comment="" />
<ENTITY id="E26" start="2772" end="2777" text="words" type="abstract" reference_count="multiple" comment="" />
<ENTITY id="E27" start="2792" end="2802" text="declension" type="abstract" reference_count="single" comment="" />
<ENTITY id="E28" start="3066" end="3073" text="endings" type="abstract" reference_count="multiple" comment="" />
<ENTITY id="E29" start="3096" end="3101" text="words" type="abstract" reference_count="multiple" comment="" />
<ENTITY id="E30" start="3132" end="3137" text="stems" type="abstract" reference_count="multiple" comment="" />
<ENTITY id="E31" start="3145" end="3155" text="declension" type="abstract" reference_count="single" comment="" />
<ENTITY id="E32" start="3226" end="3232" text="ending" type="abstract" reference_count="single" comment="" />
<ENTITY id="E33" start="3246" end="3256" text="declension" type="abstract" reference_count="single" comment="" />
<ENTITY id="E34" start="3450" end="3456" text="former" type="abstract" reference_count="single" comment="" />
<ENTITY id="E35" start="3484" end="3488" text="case" type="abstract" reference_count="single" comment="" />
<ENTITY id="E36" start="3490" end="3496" text="gender" type="abstract" reference_count="single" comment="" />
<ENTITY id="E37" start="3502" end="3508" text="number" type="abstract" reference_count="single" comment="" />
<ENTITY id="E38" start="3624" end="3629" text="Latin" type="abstract" reference_count="single" comment="" />
<ENTITY id="E39" start="3648" end="3656" text="pronouns" type="abstract" reference_count="multiple" comment="" />
<ENTITY id="E40" start="3753" end="3761" text="articles" type="abstract" reference_count="multiple" comment="" />
<ENTITY id="E41" start="3777" end="3785" text="language" type="abstract" reference_count="single" comment="" />
<ENTITY id="E42" start="3786" end="3794" text="articles" type="abstract" reference_count="multiple" comment="" />
<ENTITY id="E43" start="3828" end="3836" text="pronouns" type="abstract" reference_count="multiple" comment="" />
<ENTITY id="E46" start="3867" end="3871" text="ille" type="abstract" reference_count="single" comment="" />
<ENTITY id="E48" start="3876" end="3880" text="illa" type="abstract" reference_count="single" comment="" />
<ENTITY id="E49" start="3913" end="3917" text="ipse" type="abstract" reference_count="single" comment="" />
<ENTITY id="E50" start="3922" end="3926" text="ipsa" type="abstract" reference_count="single" comment="" />
<PART_OF id="P0" fromID="E0" fromText="members" toID="E1" toText="clergy" relationship="member_of" negativity="positive" signal_list="S0" comment="" />
<PART_OF id="P1" fromID="E2" fromText="words" toID="E3" toText="languages" relationship="part_of" negativity="positive" signal_list="S1" comment="" />
<PART_OF id="P2" fromID="E3" fromText="languages" toID="E4" toText="families" relationship="member_of" negativity="positive" signal_list="S2" comment="" />
<PART_OF id="P3" fromID="E5" fromText="languages" toID="E6" toText="family" relationship="member_of" negativity="positive" signal_list="S3" comment="" />
<PART_OF id="P4" fromID="E7" fromText="languages" toID="E8" toText="branch" relationship="member_of" negativity="positive" signal_list="S5" comment="" />
<PART_OF id="P5" fromID="E9" fromText="elements" toID="E10" toText="speech" relationship="part_of" negativity="positive" signal_list="S6" comment="" />
<PART_OF id="P6" fromID="E12" fromText="genders" toID="E11" toText="language" relationship="part_of" negativity="positive" signal_list="S7" comment="" />
<PART_OF id="P7" fromID="E13" fromText="cases" toID="E11" toText="language" relationship="part_of" negativity="positive" signal_list="S7" comment="" />
<PART_OF id="P8" fromID="E14" fromText="conjugations" toID="E11" toText="language" relationship="part_of" negativity="positive" signal_list="S7" comment="" />
<PART_OF id="P9" fromID="E15" fromText="tenses" toID="E11" toText="language" relationship="part_of" negativity="positive" signal_list="S7" comment="" />
<PART_OF id="P10" fromID="E16" fromText="persons" toID="E11" toText="language" relationship="part_of" negativity="positive" signal_list="S7" comment="" />
<PART_OF id="P11" fromID="E17" fromText="moods" toID="E11" toText="language" relationship="part_of" negativity="positive" signal_list="S7" comment="" />
<PART_OF id="P12" fromID="E18" fromText="voices" toID="E11" toText="language" relationship="part_of" negativity="positive" signal_list="S7" comment="" />
<PART_OF id="P13" fromID="E19" fromText="aspects" toID="E11" toText="language" relationship="part_of" negativity="positive" signal_list="S7" comment="" />
<PART_OF id="P14" fromID="E20" fromText="numbers" toID="E11" toText="language" relationship="part_of" negativity="positive" signal_list="S7" comment="" />
<PART_OF id="P15" fromID="E21" fromText="number" toID="E23" toText="Archaic Latin" relationship="part_of" negativity="positive" signal_list="S8 S9" comment="" />
<PART_OF id="P16" fromID="E24" fromText="vocative" toID="E25" toText="ending" relationship="part_of" negativity="positive" signal_list="S10 S11" comment="" />
<PART_OF id="P17" fromID="E26" fromText="words" toID="E27" toText="declension" relationship="part_of" negativity="positive" signal_list="S12" comment="" />
<PART_OF id="P18" fromID="E28" fromText="endings" toID="E29" toText="words" relationship="part_of" negativity="positive" signal_list="S13 S14" comment="" />
<PART_OF id="P19" fromID="E30" fromText="stems" toID="E31" toText="declension" relationship="member_of" negativity="positive" signal_list="S15" comment="" />
<PART_OF id="P20" fromID="E32" fromText="ending" toID="E33" toText="declension" relationship="member_of" negativity="positive" signal_list="S16" comment="" />
<PART_OF id="P21" fromID="E35" fromText="case" toID="E34" toText="former" relationship="part_of" negativity="positive" signal_list="S17 S18" comment="" />
<PART_OF id="P22" fromID="E36" fromText="gender" toID="E34" toText="former" relationship="part_of" negativity="positive" signal_list="S17 S18" comment="" />
<PART_OF id="P23" fromID="E37" fromText="number" toID="E34" toText="former" relationship="part_of" negativity="positive" signal_list="S17 S18" comment="" />
<PART_OF id="P24" fromID="E39" fromText="pronouns" toID="E38" toText="Latin" relationship="part_of" negativity="positive" signal_list="S19" comment="" />
<PART_OF id="P25" fromID="E40" fromText="articles" toID="E38" toText="Latin" relationship="part_of" negativity="negative" signal_list="S20 S21" comment="" />
<PART_OF id="P26" fromID="E42" fromText="articles" toID="E41" toText="language" relationship="part_of" negativity="positive" signal_list="" comment="" />
<PART_OF id="P27" fromID="E46" fromText="ille" toID="E43" toText="pronouns" relationship="member_of" negativity="positive" signal_list="S22" comment="" />
<PART_OF id="P28" fromID="E48" fromText="illa" toID="E43" toText="pronouns" relationship="member_of" negativity="positive" signal_list="S22" comment="" />
<PART_OF id="P29" fromID="E49" fromText="ipse" toID="E43" toText="pronouns" relationship="member_of" negativity="positive" signal_list="S22" comment="" />
<PART_OF id="P30" fromID="E50" fromText="ipsa" toID="E43" toText="pronouns" relationship="member_of" negativity="positive" signal_list="S22" comment="" />
<SIGNAL id="S0" start="504" end="506" text="of" />
<SIGNAL id="S1" start="722" end="724" text="in" />
<SIGNAL id="S2" start="742" end="744" text="of" />
<SIGNAL id="S3" start="891" end="893" text="of" />
<SIGNAL id="S5" start="938" end="940" text="of" />
<SIGNAL id="S6" start="1096" end="1100" text="from" />
<SIGNAL id="S7" start="2301" end="2305" text="with" />
<SIGNAL id="S8" start="2485" end="2492" text="present" />
<SIGNAL id="S9" start="2493" end="2495" text="in" />
<SIGNAL id="S10" start="2744" end="2750" text="marked" />
<SIGNAL id="S11" start="2751" end="2753" text="by" />
<SIGNAL id="S12" start="2778" end="2780" text="of" />
<SIGNAL id="S13" start="3078" end="3086" text="specific" />
<SIGNAL id="S14" start="3087" end="3089" text="to" />
<SIGNAL id="S15" start="3138" end="3140" text="of" />
<SIGNAL id="S16" start="3233" end="3235" text="of" />
<SIGNAL id="S17" start="3471" end="3480" text="according" />
<SIGNAL id="S18" start="3481" end="3483" text="to" />
<SIGNAL id="S19" start="3630" end="3633" text="has" />
<SIGNAL id="S20" start="3744" end="3747" text="not" />
<SIGNAL id="S21" start="3748" end="3752" text="have" />
<SIGNAL id="S22" start="3838" end="3842" text="e.g." />
</TAGS>
</PartML>