<?xml version="1.0" encoding="UTF-8" ?>
<PartML>
<TEXT><![CDATA[
Population

A population is all the organisms of the same group or species who live in the same geographical area and are capable of interbreeding.[1][2] In ecology the population of a certain species in a certain area is estimated using the Lincoln Index. The area that is used to define a sexual population is such that inter-breeding is possible between any pair within the area and more probable than cross-breeding with individuals from other areas. Normally breeding is substantially more common within the area than across the border.[3]
In sociology, population refers to a collection of human beings. Demography is a social science which entails the statistical study of human populations. This article refers mainly to human population.
In population genetics a sexual population is a set of organisms in which any pair of members can breed together. This means that they can regularly exchange gametes to produce normally-fertile offspring, and such a breeding group is also known therefore as a gamodeme. This also implies that all members belong to the same of species, such as humans.[4] .If the gamodeme is very large (theoretically, approaching infinity), and all gene alleles are uniformly distributed by the gametes within it, the gamodeme is said to be panmictic. Under this state, allele (gamete) frequencies can be converted to genotype (zygote) frequencies by expanding an appropriate quadratic equation, as shown by Sir Ronald Fisher in his establishment of quantitative genetics.[5] Unfortunately, this seldom occurs in nature : localisation of gamete exchange - through dispersal limitations, or preferential mating, or cataclysm, or other cause - may lead to small actual gamodemes which exchange gametes reasonably uniformly within themselves, but are virtually separated from their neighbouring gamodemes. However, there may be low frequencies of exchange with these neighbours. This may be viewed as the breaking up of a large sexual population(panmictic)into smaller overlapping sexual populations. This failure of panmixia leads to two important changes in overall population structure: (1).the component gamodemes vary (through gamete sampling) in their allele frequencies when compared with each other and with the theoretical panmictic original (this is known as dispersion, and its details can be estimated using expansion of an appropriate binomial equation); and (2). the level of homozygosity rises in the entire collection of gamodemes. The overall rise in homozygosity is quantified by the inbreeding coefficient (f or φ). Note that all homozygotes are increased in frequency - both the deleterious and the desirable! The mean phenotype of the gamodemes collection is lower than that of the panmictic "original" - which is known as inbreeding depression. It is most important to note, however, that some dispersion lines will be superior to the panmictic original, while some will be about the same, and some will be inferior. The probabilities of each can be estimated from those binomial equations. In plant and animal breeding, procedures have been developed which deliberately utilise the effects of dispersion (such as line breeding, pure-line breeding, back-crossing). It can be shown that dispersion-assisted selection leads to the greatest genetic advance (ΔG = change in the phenotypic mean), and is much more powerful than selection acting without attendant dispersion. This is so for both allogamous (random fertilization)[6] and autogamous (self-fertilization) gamodemes[7]

]]></TEXT>
<TAGS>
<ENTITY id="E0" start="37" end="46" text="organisms" type="physical" reference_count="multiple" comment="" />
<ENTITY id="E1" start="59" end="64" text="group" type="abstract" reference_count="single" comment="" />
<ENTITY id="E2" start="68" end="75" text="species" type="abstract" reference_count="single" comment="" />
<ENTITY id="E3" start="583" end="593" text="collection" type="abstract" reference_count="single" comment="" />
<ENTITY id="E4" start="603" end="609" text="beings" type="physical" reference_count="multiple" comment="" />
<ENTITY id="E5" start="796" end="799" text="set" type="abstract" reference_count="single" comment="" />
<ENTITY id="E6" start="803" end="812" text="organisms" type="physical" reference_count="multiple" comment="" />
<ENTITY id="E7" start="816" end="821" text="which" type="abstract" reference_count="single" comment="" />
<ENTITY id="E8" start="826" end="830" text="pair" type="physical" reference_count="single" comment="" />
<ENTITY id="E9" start="1045" end="1052" text="members" type="physical" reference_count="multiple" comment="" />
<ENTITY id="E10" start="1075" end="1082" text="species" type="abstract" reference_count="single" comment="" />
<ENTITY id="E11" start="1227" end="1234" text="gametes" type="physical" reference_count="multiple" comment="" />
<ENTITY id="E12" start="1242" end="1244" text="it" type="abstract" reference_count="single" comment="" />
<ENTITY id="E13" start="2097" end="2107" text="population" type="abstract" reference_count="single" comment="" />
<ENTITY id="E14" start="2108" end="2117" text="structure" type="abstract" reference_count="single" comment="" />
<ENTITY id="E16" start="2137" end="2146" text="gamodemes" type="physical" reference_count="multiple" comment="" />
<ENTITY id="E17" start="2452" end="2462" text="collection" type="abstract" reference_count="single" comment="" />
<ENTITY id="E18" start="2466" end="2475" text="gamodemes" type="abstract" reference_count="multiple" comment="" />
<ENTITY id="E15" start="15" end="25" text="population" type="abstract" reference_count="single" comment="" />
<ENTITY id="E19" start="1" end="11" text="Population" type="abstract" reference_count="single" comment="" />
<ENTITY id="E20" start="76" end="79" text="who" type="concrete" reference_count="single" comment="" />
<ENTITY id="E22" start="158" end="165" text="ecology" type="abstract" reference_count="single" comment="" />
<ENTITY id="E23" start="170" end="180" text="population" type="abstract" reference_count="single" comment="" />
<ENTITY id="E24" start="194" end="201" text="species" type="concrete" reference_count="single" comment="" />
<ENTITY id="E26" start="251" end="256" text="Index" type="concrete" reference_count="single" comment="" />
<ENTITY id="E27" start="299" end="309" text="population" type="abstract" reference_count="single" comment="" />
<ENTITY id="E29" start="549" end="558" text="sociology" type="abstract" reference_count="single" comment="" />
<ENTITY id="E30" start="560" end="570" text="population" type="abstract" reference_count="single" comment="" />
<ENTITY id="E31" start="611" end="621" text="Demography" type="abstract" reference_count="single" comment="" />
<ENTITY id="E32" start="634" end="641" text="science" type="abstract" reference_count="single" comment="" />
<ENTITY id="E33" start="672" end="677" text="study" type="concrete" reference_count="single" comment="" />
<ENTITY id="E34" start="687" end="698" text="populations" type="abstract" reference_count="multiple" comment="" />
<ENTITY id="E35" start="705" end="712" text="article" type="concrete" reference_count="single" comment="" />
<ENTITY id="E36" start="736" end="746" text="population" type="concrete" reference_count="single" comment="" />
<ENTITY id="E38" start="762" end="770" text="genetics" type="abstract" reference_count="single" comment="" />
<ENTITY id="E39" start="834" end="841" text="members" type="concrete" reference_count="multiple" comment="" />
<ENTITY id="E40" start="906" end="913" text="gametes" type="concrete" reference_count="multiple" comment="" />
<ENTITY id="E41" start="942" end="951" text="offspring" type="concrete" reference_count="single" comment="" />
<ENTITY id="E42" start="973" end="978" text="group" type="concrete" reference_count="single" comment="" />
<ENTITY id="E43" start="1008" end="1016" text="gamodeme" type="concrete" reference_count="single" comment="" />
<ENTITY id="E44" start="1092" end="1098" text="humans" type="concrete" reference_count="multiple" comment="" />
<ENTITY id="E45" start="1111" end="1119" text="gamodeme" type="concrete" reference_count="single" comment="" />
<ENTITY id="E46" start="1186" end="1193" text="alleles" type="concrete" reference_count="multiple" comment="" />
<ENTITY id="E47" start="1250" end="1258" text="gamodeme" type="concrete" reference_count="single" comment="" />
<ENTITY id="E48" start="1302" end="1308" text="allele" type="concrete" reference_count="single" comment="" />
<ENTITY id="E49" start="1310" end="1316" text="gamete" type="concrete" reference_count="single" comment="" />
<ENTITY id="E50" start="1350" end="1358" text="genotype" type="concrete" reference_count="single" comment="" />
<ENTITY id="E51" start="1360" end="1366" text="zygote" type="concrete" reference_count="single" comment="" />
<ENTITY id="E53" start="1440" end="1457" text="Sir Ronald Fisher" type="concrete" reference_count="single" comment="" />
<ENTITY id="E54" start="1461" end="1464" text="his" type="concrete" reference_count="single" comment="" />
<ENTITY id="E56" start="1495" end="1503" text="genetics" type="concrete" reference_count="multiple" comment="" />
<ENTITY id="E57" start="1545" end="1551" text="nature" type="abstract" reference_count="single" comment="" />
<ENTITY id="E58" start="1570" end="1576" text="gamete" type="concrete" reference_count="single" comment="" />
<ENTITY id="E63" start="1699" end="1708" text="gamodemes" type="concrete" reference_count="multiple" comment="" />
<ENTITY id="E64" start="1724" end="1731" text="gametes" type="concrete" reference_count="multiple" comment="" />
<ENTITY id="E65" start="1760" end="1770" text="themselves" type="concrete" reference_count="multiple" comment="" />
<ENTITY id="E66" start="1805" end="1810" text="their" type="concrete" reference_count="multiple" comment="" />
<ENTITY id="E67" start="1824" end="1833" text="gamodemes" type="concrete" reference_count="multiple" comment="" />
<ENTITY id="E68" start="1896" end="1906" text="neighbours" type="concrete" reference_count="multiple" comment="" />
<ENTITY id="E69" start="1964" end="1974" text="population" type="abstract" reference_count="single" comment="" />
<ENTITY id="E70" start="2017" end="2028" text="populations" type="abstract" reference_count="multiple" comment="" />
<ENTITY id="E74" start="2419" end="2431" text="homozygosity" type="concrete" reference_count="single" comment="" />
<ENTITY id="E75" start="2497" end="2509" text="homozygosity" type="concrete" reference_count="single" comment="" />
<ENTITY id="E76" start="2542" end="2553" text="coefficient" type="concrete" reference_count="single" comment="" />
<ENTITY id="E77" start="2578" end="2589" text="homozygotes" type="concrete" reference_count="multiple" comment="" />
<ENTITY id="E81" start="2668" end="2677" text="phenotype" type="concrete" reference_count="single" comment="" />
<ENTITY id="E82" start="2695" end="2705" text="collection" type="concrete" reference_count="single" comment="" />
<ENTITY id="E83" start="2856" end="2861" text="lines" type="concrete" reference_count="multiple" comment="" />
<ENTITY id="E84" start="2896" end="2904" text="original" type="concrete" reference_count="single" comment="" />
<ENTITY id="E85" start="2912" end="2916" text="some" type="concrete" reference_count="single" comment="" />
<ENTITY id="E86" start="2945" end="2949" text="some" type="concrete" reference_count="single" comment="" />
<ENTITY id="E87" start="2989" end="2993" text="each" type="concrete" reference_count="single" comment="" />
<ENTITY id="E91" start="3514" end="3523" text="gamodemes" type="concrete" reference_count="multiple" comment="" />
<ENTITY id="E92" start="878" end="882" text="they" type="concrete" reference_count="single" comment="" />
<ENTITY id="E93" start="2181" end="2186" text="their" type="concrete" reference_count="single" comment="" />
<ENTITY id="E94" start="2187" end="2193" text="allele" type="concrete" reference_count="single" comment="" />
<ENTITY id="E95" start="2230" end="2235" text="other" type="concrete" reference_count="single" comment="" />
<ENTITY id="E96" start="2271" end="2279" text="original" type="concrete" reference_count="single" comment="" />
<ENTITY id="E97" start="2628" end="2639" text="deleterious" type="concrete" reference_count="single" comment="" />
<ENTITY id="E98" start="2648" end="2657" text="desirable" type="concrete" reference_count="single" comment="" />
<ENTITY id="E99" start="2743" end="2751" text="original" type="concrete" reference_count="single" comment="" />
<PART_OF id="P0" fromID="E0" fromText="organisms" toID="E1" toText="group" relationship="member_of" negativity="positive" signal_list="S0" comment="" />
<PART_OF id="P1" fromID="E0" fromText="organisms" toID="E2" toText="species" relationship="member_of" negativity="positive" signal_list="S0" comment="" />
<PART_OF id="P2" fromID="E4" fromText="beings" toID="E3" toText="collection" relationship="member_of" negativity="positive" signal_list="S1" comment="" />
<PART_OF id="P3" fromID="E6" fromText="organisms" toID="E5" toText="set" relationship="member_of" negativity="positive" signal_list="S2" comment="" />
<PART_OF id="P4" fromID="E8" fromText="pair" toID="E7" toText="which" relationship="member_of" negativity="positive" signal_list="S3" comment="" />
<PART_OF id="P5" fromID="E9" fromText="members" toID="E10" toText="species" relationship="member_of" negativity="positive" signal_list="S4,S5" comment="" />
<PART_OF id="P6" fromID="E11" fromText="gametes" toID="E12" toText="it" relationship="part_of" negativity="positive" signal_list="S6" comment="" />
<PART_OF id="P7" fromID="E14" fromText="structure" toID="E13" toText="population" relationship="part_of" negativity="positive" signal_list="" comment="" />
<PART_OF id="P8" fromID="E16" fromText="gamodemes" toID="E14" toText="structure" relationship="part_of" negativity="positive" signal_list="S7" comment="" />
<PART_OF id="P9" fromID="E18" fromText="gamodemes" toID="E17" toText="collection" relationship="member_of" negativity="positive" signal_list="S8" comment="" />
<PART_OF id="P10" fromID="E39" fromText="members" toID="E8" toText="pair" relationship="member_of" negativity="positive" signal_list="S10" comment="" />
<PART_OF id="P11" fromID="E93" fromText="their" toID="E94" toText="allele" relationship="part_of" negativity="positive" signal_list="" comment="" />
<PART_OF id="P12" fromID="E69" fromText="population" toID="E68" toText="populations" relationship="member_of" negativity="positive" signal_list="S11, S12" comment="" />
<PART_OF id="P14" fromID="E98" fromText="desirable" toID="E77" toText="homozygotes" relationship="member_of" negativity="positive" signal_list="S13, S14" comment="" />
<PART_OF id="P15" fromID="E97" fromText="deleterious" toID="E77" toText="homozygotes" relationship="member_of" negativity="positive" signal_list="S13, S14" comment="" />
<SIGNAL id="S0" start="47" end="49" text="of" />
<SIGNAL id="S1" start="594" end="596" text="of" />
<SIGNAL id="S2" start="800" end="802" text="of" />
<SIGNAL id="S3" start="813" end="815" text="in" />
<SIGNAL id="S4" start="1053" end="1059" text="belong" />
<SIGNAL id="S5" start="1060" end="1062" text="to" />
<SIGNAL id="S6" start="1235" end="1241" text="within" />
<SIGNAL id="S7" start="2127" end="2136" text="component" />
<SIGNAL id="S8" start="2463" end="2465" text="of" />
<SIGNAL id="S10" start="831" end="833" text="of" />
<SIGNAL id="S11" start="1934" end="1948" text="breaking up of" />
<SIGNAL id="S12" start="1985" end="1989" text="into" />
<SIGNAL id="S13" start="2574" end="2577" text="all" />
<SIGNAL id="S14" start="2619" end="2623" text="both" />
</TAGS>
</PartML>