<?xml version="1.0" encoding="UTF-8" ?>
<PartML>
<TEXT><![CDATA[
Prudential Center

Prudential Center is a multi-purpose indoor arena in the central business district of Newark, New Jersey, United States. The arena was designed by HOK Sport (now Populous), with the exterior designed by Morris Adjmi Architects. Opened in 2007, it is the home of the National Hockey League's (NHL) New Jersey Devils and the NCAA's Seton Hall Pirates men's basketball team. It is also the temporary home of the Women's National Basketball Association's (WNBA) New York Liberty during the renovation of Madison Square Garden. The arena seats 17,625 patrons for hockey and 18,711 for basketball. Fans and sports writers have affectionately nicknamed the arena "The Rock" in reference to the Rock of Gibraltar, the corporate logo of Prudential Financial, a financial institution that owns the naming rights to the arena and is headquartered within walking distance of the arena.

The arena was built amidst financial concerns and years of speculation that the Devils would relocate, despite the fact that the Devils were perennial playoff contenders and were often at or near the top of the NHL's standings for nearly two decades. The arena is located two blocks from Newark Penn Station in downtown Newark, just west of Newark's Ironbound district, making it easily accessible via New Jersey Transit, PATH, Newark Light Rail, and Amtrak. At the time of its opening, Prudential Center was the first major league sports venue to be built in the New York metropolitan area since the Brendan Byrne Arena, the Devils' former home, opened in 1981. It is hoped that Prudential Center might play an important role in the revitalization of Newark.

A seven-acre site for the arena in downtown Newark was selected, bordered by Edison Place on the north, Lafayette Street on the south, Mulberry Street on the east, and Broad Street on the west. The site was the location of the never-completed Renaissance Mall and, previously, the tracks and train shed of the Central Railroad of New Jersey's Broad Street terminal whose building still stands nearby. The arena was designed by HOK Sport, with the exterior designed by Morris Adjmi Architects. Initial designs were released in early 2005 and referred to the arena as "Newark Arena". Groundbreaking began on October 3, 2005 and a workforce of 2,725 union workers was employed to construct the arena. Financial issues, though, threatened to halt the deal. On January 24, 2006, the Devils averted having the project canceled by submitting a guarantee in writing that the team would contribute $100 million to the arena, one day before their deadline.

Though construction was well underway, in late summer 2006, Cory Booker, who had recently taken office as Mayor of Newark, promised to reevaluate the deal and considered backing out. In October, Booker conceded there would be "a first-class arena built in the city of Newark, whether we like it or not", and soon afterwards, the Devils struck a deal including both property and monetary givebacks that appeased city officials.

The city of Newark pledged to contribute $210 million to the construction of the arena, using settlement money from its lease dispute over underpayed rent for use of Newark Liberty International Airport with the Port Authority of New York and New Jersey. The Devils paid for the remainder of the cost. Thus, no new direct taxpayer funding was required for the construction of the arena.  Some taxpayer dollars, however, were spent on infrastructure improvements. These improvements were necessary for both the new arena and proposed private development surrounding the arena.

Prudential Financia
]]></TEXT>
<TAGS>
<ENTITY id="E13" start="343" end="347" text="NCAA" type="abstract" reference_count="single" comment="" />
<ENTITY id="E46" start="1112" end="1121" text="standings" type="abstract" reference_count="ambiguous" comment="" />
<ENTITY id="E80" start="2284" end="2293" text="workforce" type="physical" reference_count="mass" comment="" />
<ENTITY id="E100" start="2949" end="2953" text="deal" type="abstract" reference_count="single" comment="" />
<ENTITY id="E101" start="2969" end="2977" text="property" type="physical" reference_count="single" comment="" />
<ENTITY id="E102" start="2991" end="3000" text="givebacks" type="abstract" reference_count="multiple" comment="" />
<ENTITY id="E0" start="328" end="334" text="Devils" type="physical" reference_count="ambiguous" comment="" />
<ENTITY id="E1" start="302" end="308" text="League" type="abstract" reference_count="single" comment="" />
<ENTITY id="E2" start="361" end="368" text="Pirates" type="physical" reference_count="ambiguous" comment="" />
<ENTITY id="E3" start="386" end="390" text="team" type="physical" reference_count="ambiguous" comment="" />
<ENTITY id="E4" start="487" end="494" text="Liberty" type="physical" reference_count="ambiguous" comment="" />
<ENTITY id="E5" start="457" end="468" text="Association" type="abstract" reference_count="single" comment="" />
<ENTITY id="E6" start="1586" end="1592" text="Center" type="physical" reference_count="single" comment="" />
<ENTITY id="E8" start="2309" end="2316" text="workers" type="physical" reference_count="multiple" comment="" />
<ENTITY id="E7" start="12" end="18" text="Center" type="concrete" reference_count="single" comment="" />
<ENTITY id="E9" start="31" end="37" text="Center" type="concrete" reference_count="single" comment="" />
<ENTITY id="E10" start="171" end="176" text="Sport" type="concrete" reference_count="single" comment="" />
<ENTITY id="E11" start="182" end="190" text="Populous" type="concrete" reference_count="single" comment="" />
<ENTITY id="E12" start="202" end="210" text="exterior" type="concrete" reference_count="single" comment="" />
<ENTITY id="E14" start="145" end="150" text="arena" type="concrete" reference_count="single" comment="" />
<ENTITY id="E15" start="236" end="246" text="Architects" type="concrete" reference_count="single" comment="" />
<ENTITY id="E16" start="547" end="552" text="arena" type="concrete" reference_count="single" comment="" />
<ENTITY id="E17" start="566" end="573" text="patrons" type="concrete" reference_count="single" comment="" />
<ENTITY id="E18" start="578" end="584" text="hockey" type="concrete" reference_count="single" comment="" />
<ENTITY id="E19" start="600" end="610" text="basketball" type="concrete" reference_count="single" comment="" />
<ENTITY id="E20" start="612" end="616" text="Fans" type="concrete" reference_count="multiple" comment="" />
<ENTITY id="E21" start="628" end="635" text="writers" type="concrete" reference_count="multiple" comment="" />
<ENTITY id="E22" start="670" end="675" text="arena" type="concrete" reference_count="single" comment="" />
<ENTITY id="E24" start="740" end="744" text="logo" type="concrete" reference_count="single" comment="" />
<ENTITY id="E25" start="759" end="768" text="Financial" type="concrete" reference_count="single" comment="" />
<ENTITY id="E26" start="782" end="793" text="institution" type="concrete" reference_count="single" comment="" />
<ENTITY id="E27" start="899" end="904" text="arena" type="concrete" reference_count="single" comment="" />
<ENTITY id="E28" start="975" end="981" text="Devils" type="concrete" reference_count="ambiguous" comment="" />
<ENTITY id="E29" start="1024" end="1030" text="Devils" type="concrete" reference_count="ambiguous" comment="" />
<ENTITY id="E30" start="1054" end="1064" text="contenders" type="concrete" reference_count="single" comment="" />
<ENTITY id="E31" start="1106" end="1109" text="NHL" type="concrete" reference_count="single" comment="" />
<ENTITY id="E32" start="1308" end="1315" text="Transit" type="concrete" reference_count="single" comment="" />
<ENTITY id="E33" start="1317" end="1321" text="PATH" type="concrete" reference_count="single" comment="" />
<ENTITY id="E34" start="1336" end="1340" text="Rail" type="concrete" reference_count="single" comment="" />
<ENTITY id="E35" start="1346" end="1352" text="Amtrak" type="concrete" reference_count="single" comment="" />
<ENTITY id="E36" start="1521" end="1527" text="Devils" type="concrete" reference_count="ambiguous" comment="" />
<ENTITY id="E37" start="2103" end="2111" text="exterior" type="concrete" reference_count="single" comment="" />
<ENTITY id="E38" start="2137" end="2147" text="Architects" type="concrete" reference_count="single" comment="" />
<ENTITY id="E39" start="2434" end="2440" text="Devils" type="concrete" reference_count="ambiguous" comment="" />
<ENTITY id="E40" start="2523" end="2527" text="team" type="concrete" reference_count="ambiguous" comment="" />
<ENTITY id="E41" start="2565" end="2570" text="arena" type="concrete" reference_count="single" comment="" />
<ENTITY id="E42" start="2933" end="2939" text="Devils" type="concrete" reference_count="ambiguous" comment="" />
<ENTITY id="E43" start="3020" end="3029" text="officials" type="concrete" reference_count="multiple" comment="" />
<ENTITY id="E44" start="3291" end="3297" text="Devils" type="concrete" reference_count="ambiguous" comment="" />
<PART_OF id="P7" fromID="E101" fromText="property" toID="E100" toText="deal" relationship="part_of" negativity="positive" signal_list="S8" comment="" />
<PART_OF id="P8" fromID="E102" fromText="givebacks" toID="E100" toText="deal" relationship="part_of" negativity="positive" signal_list="S8" comment="" />
<PART_OF id="P11" fromID="E0" fromText="Devils" toID="E1" toText="League" relationship="member_of" negativity="positive" signal_list="S0" comment="" />
<PART_OF id="P12" fromID="E2" fromText="Pirates" toID="E13" toText="NCAA" relationship="member_of" negativity="positive" signal_list="S1" comment="" />
<PART_OF id="P13" fromID="E3" fromText="team" toID="E13" toText="NCAA" relationship="member_of" negativity="positive" signal_list="S1" comment="" />
<PART_OF id="P14" fromID="E4" fromText="Liberty" toID="E5" toText="Association" relationship="member_of" negativity="positive" signal_list="S2" comment="" />
<PART_OF id="P16" fromID="E8" fromText="workers" toID="E80" toText="workforce" relationship="member_of" negativity="positive" signal_list="S7" comment="" />
<PART_OF id="P0" fromID="E30" fromText="contenders" toID="E31" toText="NHL" relationship="member_of" negativity="positive" signal_list="S3, S4" comment="" />
<SIGNAL id="S0" start="308" end="310" text="'s" />
<SIGNAL id="S1" start="347" end="349" text="'s" />
<SIGNAL id="S2" start="468" end="470" text="'s" />
<SIGNAL id="S3" start="1080" end="1082" text="at" />
<SIGNAL id="S4" start="1086" end="1090" text="near" />
<SIGNAL id="S7" start="2294" end="2296" text="of" />
<SIGNAL id="S8" start="2954" end="2963" text="including" />
</TAGS>
</PartML>