<?xml version="1.0" encoding="UTF-8" ?>
<PartML>
<TEXT><![CDATA[
Republics of Russia

The Russian Federation is divided into 83 federal subjects (constituent units), 21 of which are republics. The republics represent areas of non-Russian ethnicity. The indigenous ethnic group of a republic that gives it its name is referred to as the "titular nationality". Due to decades (in some cases centuries) of internal migration inside Russia, each nationality is not necessarily a majority of a republic's population.

Republics differ from other federal subjects in that they have the right to establish their own official language and have their own constitution. Other federal subjects, such as krais (territories) and oblasts (provinces), are not explicitly given this right. The chief executives of many republics used to have the title of president, but in 2010 an amendment to the federal law was adopted that reserves such title exclusively for the head of the Russian state.

]]></TEXT>
<TAGS>
<ENTITY id="E0" start="34" end="44" text="Federation" type="abstract" reference_count="single" comment="" />
<ENTITY id="E1" start="72" end="80" text="subjects" type="abstract" reference_count="single" comment="" />
<ENTITY id="E2" start="425" end="433" text="republic" type="abstract" reference_count="single" comment="" />
<ENTITY id="E3" start="436" end="446" text="population" type="abstract" reference_count="single" comment="" />
<ENTITY id="E4" start="720" end="730" text="executives" type="physical" reference_count="multiple" comment="" />
<ENTITY id="E5" start="739" end="748" text="republics" type="abstract" reference_count="single" comment="" />
<ENTITY id="E6" start="887" end="891" text="head" type="physical" reference_count="single" comment="" />
<ENTITY id="E7" start="907" end="912" text="state" type="abstract" reference_count="single" comment="" />
<ENTITY id="E9" start="14" end="20" text="Russia" type="concrete" reference_count="single" comment="" />
<ENTITY id="E10" start="94" end="99" text="units" type="concrete" reference_count="single" comment="" />
<ENTITY id="E11" start="118" end="127" text="republics" type="concrete" reference_count="single" comment="" />
<ENTITY id="E12" start="108" end="113" text="which" type="concrete" reference_count="single" comment="" />
<ENTITY id="E13" start="133" end="142" text="republics" type="concrete" reference_count="single" comment="" />
<ENTITY id="E14" start="174" end="183" text="ethnicity" type="concrete" reference_count="single" comment="" />
<ENTITY id="E15" start="218" end="226" text="republic" type="concrete" reference_count="single" comment="" />
<ENTITY id="E16" start="281" end="292" text="nationality" type="concrete" reference_count="single" comment="" />
<ENTITY id="E17" start="365" end="371" text="Russia" type="concrete" reference_count="single" comment="" />
<ENTITY id="E18" start="449" end="458" text="Republics" type="concrete" reference_count="single" comment="" />
<ENTITY id="E19" start="554" end="562" text="language" type="concrete" reference_count="single" comment="" />
<ENTITY id="E20" start="582" end="594" text="constitution" type="concrete" reference_count="single" comment="" />
<ENTITY id="E21" start="610" end="618" text="subjects" type="concrete" reference_count="single" comment="" />
<ENTITY id="E22" start="628" end="633" text="krais" type="concrete" reference_count="single" comment="" />
<ENTITY id="E23" start="635" end="646" text="territories" type="concrete" reference_count="single" comment="" />
<ENTITY id="E24" start="652" end="659" text="oblasts" type="concrete" reference_count="single" comment="" />
<ENTITY id="E25" start="661" end="670" text="provinces" type="concrete" reference_count="single" comment="" />
<ENTITY id="E26" start="535" end="540" text="their" type="concrete" reference_count="single" comment="" />
<ENTITY id="E27" start="502" end="506" text="they" type="concrete" reference_count="single" comment="" />
<ENTITY id="E28" start="572" end="577" text="their" type="concrete" reference_count="single" comment="" />
<ENTITY id="E29" start="775" end="784" text="president" type="concrete" reference_count="single" comment="" />
<ENTITY id="E30" start="801" end="810" text="amendment" type="concrete" reference_count="single" comment="" />
<ENTITY id="E31" start="826" end="829" text="law" type="concrete" reference_count="single" comment="" />
<ENTITY id="E32" start="811" end="813" text="to" type="concrete" reference_count="single" comment="" />
<ENTITY id="E33" start="818" end="825" text="federal" type="concrete" reference_count="single" comment="" />
<PART_OF id="P0" fromID="E1" fromText="subjects" toID="E0" toText="Federation" relationship="member_of" negativity="positive" signal_list="S0,S1" comment="" />
<PART_OF id="P1" fromID="E3" fromText="population" toID="E2" toText="republic" relationship="part_of" negativity="positive" signal_list="S2" comment="" />
<PART_OF id="P2" fromID="E4" fromText="executives" toID="E5" toText="republics" relationship="part_of" negativity="positive" signal_list="S3" comment="" />
<PART_OF id="P3" fromID="E6" fromText="head" toID="E7" toText="state" relationship="part_of" negativity="positive" signal_list="S4" comment="" />
<SIGNAL id="S0" start="48" end="55" text="divided" />
<SIGNAL id="S1" start="56" end="60" text="into" />
<SIGNAL id="S2" start="433" end="435" text="'s" />
<SIGNAL id="S3" start="731" end="733" text="of" />
<SIGNAL id="S4" start="892" end="894" text="of" />
</TAGS>
</PartML>