<?xml version="1.0" encoding="UTF-8" ?>
<PartML>
<TEXT><![CDATA[
Rock Music

The sound of rock is traditionally centered around the electric guitar, which emerged in its modern form in the 1950s with the popularization of rock and roll. The sound of an electric guitar in rock music is typically supported by an electric bass guitar pioneered in jazz music in the same era, and percussion produced from a drum kit that combines drums and cymbals. This trio of instruments has often been complemented by the inclusion of others, particularly keyboards such as the piano, Hammond organ and synthesizers. A group of musicians performing rock music is termed a rock band or rock group and typically consists of between two and five members. Classically, a rock band takes the form of a quartet whose members cover one or more roles, including vocalist, lead guitarist, rhythm guitarist, bass guitarist, drummer and occasionally that of keyboard player or other instrumentalist.

Rock music is traditionally built on a foundation of simple unsyncopated rhythms in a 4/4 meter, with a repetitive snare drum back beat on beats two and four. Melodies are often derived from older musical modes, including the Dorian and Mixolydian, as well as major and minor modes. Harmonies range from the common triad to parallel fourths and fifths and dissonant harmonic progressions. Rock songs from the mid-1960s onwards often used the verse-chorus structure derived from blues and folk music, but there has been considerable variation from this model. Critics have stressed the eclecticism and stylistic diversity of rock. Because of its complex history and tendency to borrow from other musical and cultural forms, it has been argued that "it is impossible to bind rock music to a rigidly delineated musical definition."

Unlike many earlier styles of popular music, rock lyrics have dealt with a wide range of themes in addition to romantic love: including sex, rebellion against "The Establishment", social concerns and life styles. These themes were inherited from a variety of sources, including the Tin Pan Alley pop tradition, folk music and rhythm and blues. Music journalist Robert Christgau characterizes rock lyrics as a "cool medium" with simple diction and repeated refrains, and asserts that rock's primary "function" "pertains to music, or, more generally, noise." The predominance of white, male and often middle class musicians in rock music has often been noted and rock has been seen as an appropriation of black musical forms for a young, white and largely male audience. As a result it has been seen as articulating the concerns of this group in both style and lyrics.

Since the term rock began to be used in preference to rock and roll from the mid-1960s, it has often been contrasted with pop music, with which it has shared many characteristics, but from which it is often distanced by an emphasis on musicianship, live performance and a focus on serious and progressive themes as part of an ideology of authenticity that is frequently combined with an awareness of the genre's history and development. According to Simon Frith "rock was something more than pop, something more than rock and roll. Rock musicians combined an emphasis on skill and technique with the romantic concept of art as artistic expression, original and sincere". In the new millennium the term rock has sometimes been used as a blanket term including forms such as pop music, reggae music, soul music, and even hip hop, with which it has been influenced but often contrasted through much of its history.

]]></TEXT>
<TAGS>
<ENTITY id="E0" start="17" end="22" text="sound" type="physical" reference_count="single" comment="" />
<ENTITY id="E1" start="26" end="30" text="rock" type="physical" reference_count="single" comment="" />
<ENTITY id="E3" start="77" end="83" text="guitar" type="physical" reference_count="single" comment="" />
<ENTITY id="E4" start="177" end="182" text="sound" type="physical" reference_count="single" comment="" />
<ENTITY id="E6" start="262" end="268" text="guitar" type="physical" reference_count="single" comment="" />
<ENTITY id="E7" start="287" end="292" text="music" type="physical" reference_count="single" comment="" />
<ENTITY id="E8" start="198" end="204" text="guitar" type="physical" reference_count="single" comment="" />
<ENTITY id="E9" start="314" end="324" text="percussion" type="physical" reference_count="single" comment="" />
<ENTITY id="E10" start="364" end="369" text="drums" type="physical" reference_count="single" comment="" />
<ENTITY id="E11" start="374" end="381" text="cymbals" type="physical" reference_count="single" comment="" />
<ENTITY id="E12" start="346" end="349" text="kit" type="physical" reference_count="single" comment="" />
<ENTITY id="E13" start="456" end="462" text="others" type="physical" reference_count="multiple" comment="" />
<ENTITY id="E14" start="499" end="504" text="piano" type="physical" reference_count="single" comment="" />
<ENTITY id="E15" start="514" end="519" text="organ" type="physical" reference_count="single" comment="" />
<ENTITY id="E16" start="524" end="536" text="synthesizers" type="physical" reference_count="multiple" comment="" />
<ENTITY id="E17" start="388" end="392" text="trio" type="physical" reference_count="ambiguous" comment="" />
<ENTITY id="E18" start="477" end="486" text="keyboards" type="physical" reference_count="multiple" comment="" />
<ENTITY id="E20" start="598" end="602" text="band" type="physical" reference_count="single" comment="" />
<ENTITY id="E21" start="611" end="616" text="group" type="abstract" reference_count="single" comment="" />
<ENTITY id="E22" start="540" end="545" text="group" type="abstract" reference_count="single" comment="" />
<ENTITY id="E23" start="549" end="558" text="musicians" type="physical" reference_count="multiple" comment="" />
<ENTITY id="E24" start="664" end="671" text="members" type="physical" reference_count="multiple" comment="" />
<ENTITY id="E25" start="732" end="739" text="members" type="physical" reference_count="multiple" comment="" />
<ENTITY id="E26" start="726" end="731" text="whose" type="physical" reference_count="single" comment="" />
<ENTITY id="E27" start="718" end="725" text="quartet" type="physical" reference_count="ambiguous" comment="" />
<ENTITY id="E28" start="693" end="697" text="band" type="physical" reference_count="single" comment="" />
<ENTITY id="E29" start="775" end="783" text="vocalist" type="physical" reference_count="single" comment="" />
<ENTITY id="E30" start="758" end="763" text="roles" type="physical" reference_count="multiple" comment="" />
<ENTITY id="E31" start="790" end="799" text="guitarist" type="physical" reference_count="single" comment="" />
<ENTITY id="E32" start="808" end="817" text="guitarist" type="physical" reference_count="single" comment="" />
<ENTITY id="E33" start="824" end="833" text="guitarist" type="physical" reference_count="single" comment="" />
<ENTITY id="E34" start="835" end="842" text="drummer" type="physical" reference_count="single" comment="" />
<ENTITY id="E35" start="877" end="883" text="player" type="physical" reference_count="single" comment="" />
<ENTITY id="E36" start="893" end="908" text="instrumentalist" type="physical" reference_count="single" comment="" />
<ENTITY id="E37" start="916" end="921" text="music" type="physical" reference_count="single" comment="" />
<ENTITY id="E38" start="950" end="960" text="foundation" type="physical" reference_count="single" comment="" />
<ENTITY id="E39" start="984" end="991" text="rhythms" type="physical" reference_count="multiple" comment="" />
<ENTITY id="E40" start="1001" end="1006" text="meter" type="physical" reference_count="single" comment="" />
<ENTITY id="E41" start="1042" end="1046" text="beat" type="physical" reference_count="single" comment="" />
<ENTITY id="E42" start="1137" end="1143" text="Dorian" type="abstract" reference_count="single" comment="" />
<ENTITY id="E43" start="1148" end="1158" text="Mixolydian" type="abstract" reference_count="single" comment="" />
<ENTITY id="E44" start="1116" end="1121" text="modes" type="abstract" reference_count="multiple" comment="" />
<ENTITY id="E45" start="1171" end="1176" text="major" type="physical" reference_count="single" comment="" />
<ENTITY id="E46" start="1181" end="1186" text="minor" type="physical" reference_count="single" comment="" />
<ENTITY id="E47" start="1226" end="1231" text="triad" type="abstract" reference_count="single" comment="" />
<ENTITY id="E48" start="1244" end="1251" text="fourths" type="abstract" reference_count="multiple" comment="" />
<ENTITY id="E49" start="1256" end="1262" text="fifths" type="abstract" reference_count="multiple" comment="" />
<ENTITY id="E50" start="1286" end="1298" text="progressions" type="abstract" reference_count="multiple" comment="" />
<ENTITY id="E51" start="1194" end="1203" text="Harmonies" type="abstract" reference_count="multiple" comment="" />
<ENTITY id="E52" start="1791" end="1797" text="lyrics" type="physical" reference_count="single" comment="" />
<ENTITY id="E53" start="1830" end="1836" text="themes" type="abstract" reference_count="multiple" comment="" />
<ENTITY id="E54" start="1861" end="1865" text="love" type="physical" reference_count="single" comment="" />
<ENTITY id="E55" start="1877" end="1880" text="sex" type="physical" reference_count="single" comment="" />
<ENTITY id="E56" start="1882" end="1891" text="rebellion" type="abstract" reference_count="single" comment="" />
<ENTITY id="E57" start="1928" end="1936" text="concerns" type="abstract" reference_count="multiple" comment="" />
<ENTITY id="E58" start="1946" end="1952" text="styles" type="abstract" reference_count="multiple" comment="" />
<ENTITY id="E60" start="2041" end="2050" text="tradition" type="abstract" reference_count="single" comment="" />
<ENTITY id="E61" start="2057" end="2062" text="music" type="physical" reference_count="single" comment="" />
<ENTITY id="E62" start="2067" end="2073" text="rhythm" type="physical" reference_count="single" comment="" />
<ENTITY id="E63" start="2078" end="2083" text="blues" type="physical" reference_count="ambiguous" comment="" />
<ENTITY id="E64" start="2000" end="2007" text="sources" type="physical" reference_count="multiple" comment="" />
<ENTITY id="E65" start="2353" end="2362" text="musicians" type="physical" reference_count="multiple" comment="" />
<ENTITY id="E67" start="2371" end="2376" text="music" type="physical" reference_count="single" comment="" />
<ENTITY id="E68" start="2844" end="2856" text="musicianship" type="physical" reference_count="single" comment="" />
<ENTITY id="E69" start="2863" end="2874" text="performance" type="physical" reference_count="single" comment="" />
<ENTITY id="E70" start="2914" end="2920" text="themes" type="abstract" reference_count="multiple" comment="" />
<ENTITY id="E71" start="2804" end="2806" text="it" type="physical" reference_count="single" comment="" />
<ENTITY id="E72" start="2624" end="2628" text="rock" type="physical" reference_count="single" comment="" />
<ENTITY id="E74" start="2935" end="2943" text="ideology" type="abstract" reference_count="single" comment="" />
<ENTITY id="E75" start="3180" end="3185" text="skill" type="abstract" reference_count="single" comment="" />
<ENTITY id="E76" start="3190" end="3199" text="technique" type="abstract" reference_count="single" comment="" />
<ENTITY id="E77" start="3218" end="3225" text="concept" type="abstract" reference_count="single" comment="" />
<ENTITY id="E79" start="3146" end="3155" text="musicians" type="physical" reference_count="multiple" comment="" />
<ENTITY id="E81" start="3168" end="3176" text="emphasis" type="abstract" reference_count="single" comment="" />
<ENTITY id="E82" start="3386" end="3391" text="music" type="physical" reference_count="single" comment="" />
<ENTITY id="E83" start="3400" end="3405" text="music" type="physical" reference_count="single" comment="" />
<ENTITY id="E84" start="3412" end="3417" text="music" type="physical" reference_count="single" comment="" />
<ENTITY id="E85" start="3428" end="3435" text="hip hop" type="physical" reference_count="single" comment="" />
<ENTITY id="E86" start="3353" end="3357" text="term" type="concrete" reference_count="single" comment="" />
<ENTITY id="E87" start="3368" end="3373" text="forms" type="abstract" reference_count="multiple" comment="" />
<ENTITY id="E2" start="102" end="105" text="its" type="abstract" reference_count="single" comment="" />
<ENTITY id="E5" start="158" end="162" text="rock" type="abstract" reference_count="single" comment="" />
<ENTITY id="E19" start="167" end="171" text="roll" type="abstract" reference_count="single" comment="" />
<ENTITY id="E59" start="213" end="218" text="music" type="abstract" reference_count="single" comment="" />
<ENTITY id="E66" start="6" end="11" text="Music" type="abstract" reference_count="single" comment="" />
<ENTITY id="E73" start="575" end="580" text="music" type="abstract" reference_count="single" comment="" />
<ENTITY id="E78" start="1070" end="1078" text="Melodies" type="concrete" reference_count="multiple" comment="" />
<ENTITY id="E80" start="1305" end="1310" text="songs" type="concrete" reference_count="single" comment="" />
<ENTITY id="E88" start="1353" end="1358" text="verse" type="concrete" reference_count="single" comment="" />
<ENTITY id="E89" start="1359" end="1365" text="chorus" type="concrete" reference_count="single" comment="" />
<ENTITY id="E90" start="1366" end="1375" text="structure" type="concrete" reference_count="single" comment="" />
<ENTITY id="E92" start="1404" end="1409" text="music" type="abstract" reference_count="single" comment="" />
<ENTITY id="E93" start="1463" end="1468" text="model" type="concrete" reference_count="single" comment="" />
<ENTITY id="E94" start="2402" end="2406" text="rock" type="abstract" reference_count="single" comment="" />
<ENTITY id="E95" start="1779" end="1784" text="music" type="abstract" reference_count="single" comment="" />
<ENTITY id="E96" start="1960" end="1966" text="themes" type="concrete" reference_count="single" comment="" />
<ENTITY id="E97" start="2102" end="2118" text="Robert Christgau" type="concrete" reference_count="single" comment="" />
<ENTITY id="E98" start="2138" end="2144" text="lyrics" type="concrete" reference_count="multiple" comment="" />
<ENTITY id="E99" start="2176" end="2183" text="diction" type="concrete" reference_count="single" comment="" />
<ENTITY id="E100" start="2197" end="2205" text="refrains" type="concrete" reference_count="multiple" comment="" />
<ENTITY id="E101" start="2458" end="2463" text="forms" type="concrete" reference_count="multiple" comment="" />
<ENTITY id="E102" start="2590" end="2595" text="style" type="concrete" reference_count="single" comment="" />
<ENTITY id="E103" start="2600" end="2606" text="lyrics" type="concrete" reference_count="multiple" comment="" />
<ENTITY id="E106" start="2522" end="2524" text="it" type="abstract" reference_count="single" comment="" />
<ENTITY id="E107" start="2500" end="2508" text="audience" type="concrete" reference_count="single" comment="" />
<ENTITY id="E108" start="2576" end="2581" text="group" type="concrete" reference_count="single" comment="" />
<ENTITY id="E109" start="2663" end="2667" text="rock" type="abstract" reference_count="single" comment="" />
<ENTITY id="E110" start="2672" end="2676" text="roll" type="abstract" reference_count="single" comment="" />
<ENTITY id="E111" start="2735" end="2740" text="music" type="abstract" reference_count="single" comment="" />
<ENTITY id="E113" start="3013" end="3018" text="genre" type="abstract" reference_count="single" comment="" />
<ENTITY id="E114" start="3021" end="3028" text="history" type="abstract" reference_count="single" comment="" />
<ENTITY id="E115" start="3033" end="3044" text="development" type="abstract" reference_count="single" comment="" />
<ENTITY id="E116" start="3072" end="3076" text="rock" type="abstract" reference_count="single" comment="" />
<ENTITY id="E117" start="3059" end="3070" text="Simon Frith" type="concrete" reference_count="single" comment="" />
<ENTITY id="E118" start="3101" end="3104" text="pop" type="abstract" reference_count="single" comment="" />
<ENTITY id="E119" start="3126" end="3130" text="rock" type="abstract" reference_count="single" comment="" />
<ENTITY id="E120" start="3135" end="3139" text="roll" type="abstract" reference_count="single" comment="" />
<ENTITY id="E121" start="3229" end="3232" text="art" type="abstract" reference_count="single" comment="" />
<ENTITY id="E122" start="3245" end="3255" text="expression" type="concrete" reference_count="single" comment="" />
<ENTITY id="E123" start="3311" end="3315" text="rock" type="abstract" reference_count="single" comment="" />
<ENTITY id="E124" start="3508" end="3511" text="its" type="abstract" reference_count="single" comment="" />
<ENTITY id="E125" start="3448" end="3450" text="it" type="abstract" reference_count="single" comment="" />
<ENTITY id="E126" start="3512" end="3519" text="history" type="abstract" reference_count="single" comment="" />
<PART_OF id="P0" fromID="E0" fromText="sound" toID="E1" toText="rock" relationship="part_of" negativity="positive" signal_list="S0" comment="" />
<PART_OF id="P1" fromID="E3" fromText="guitar" toID="E0" toText="sound" relationship="part_of" negativity="positive" signal_list="S2, S3" comment="" />
<PART_OF id="P3" fromID="E6" fromText="guitar" toID="E4" toText="sound" relationship="part_of" negativity="positive" signal_list="S5, S6" comment="" />
<PART_OF id="P4" fromID="E8" fromText="guitar" toID="E4" toText="sound" relationship="part_of" negativity="positive" signal_list="S4" comment="" />
<PART_OF id="P5" fromID="E9" fromText="percussion" toID="E4" toText="sound" relationship="part_of" negativity="positive" signal_list="S5, S6" comment="" />
<PART_OF id="P6" fromID="E10" fromText="drums" toID="E12" toText="kit" relationship="member_of" negativity="positive" signal_list="S10" comment="" />
<PART_OF id="P7" fromID="E11" fromText="cymbals" toID="E12" toText="kit" relationship="member_of" negativity="positive" signal_list="S10" comment="" />
<PART_OF id="P8" fromID="E13" fromText="others" toID="E17" toText="trio" relationship="member_of" negativity="positive" signal_list="S11, S12, S13, S14" comment="" />
<PART_OF id="P9" fromID="E14" fromText="piano" toID="E18" toText="keyboards" relationship="member_of" negativity="positive" signal_list="S15, S16" comment="" />
<PART_OF id="P12" fromID="E15" fromText="organ" toID="E18" toText="keyboards" relationship="member_of" negativity="positive" signal_list="S15, S16" comment="" />
<PART_OF id="P13" fromID="E16" fromText="synthesizers" toID="E18" toText="keyboards" relationship="member_of" negativity="positive" signal_list="S15, S16" comment="" />
<PART_OF id="P14" fromID="E18" fromText="keyboards" toID="E13" toText="others" relationship="member_of" negativity="positive" signal_list="S17" comment="" />
<PART_OF id="P15" fromID="E23" fromText="musicians" toID="E22" toText="group" relationship="member_of" negativity="positive" signal_list="S18" comment="" />
<PART_OF id="P16" fromID="E24" fromText="members" toID="E21" toText="group" relationship="member_of" negativity="positive" signal_list="S19, S20" comment="" />
<PART_OF id="P17" fromID="E27" fromText="quartet" toID="E28" toText="band" relationship="part_of" negativity="positive" signal_list="S21, S22" comment="" />
<PART_OF id="P18" fromID="E26" fromText="whose" toID="E27" toText="quartet" relationship="member_of" negativity="positive" signal_list="" comment="" />
<PART_OF id="P19" fromID="E25" fromText="members" toID="E26" toText="whose" relationship="member_of" negativity="positive" signal_list="" comment="" />
<PART_OF id="P20" fromID="E29" fromText="vocalist" toID="E30" toText="roles" relationship="member_of" negativity="positive" signal_list="S23" comment="" />
<PART_OF id="P21" fromID="E31" fromText="guitarist" toID="E30" toText="roles" relationship="member_of" negativity="positive" signal_list="S23" comment="" />
<PART_OF id="P22" fromID="E32" fromText="guitarist" toID="E30" toText="roles" relationship="member_of" negativity="positive" signal_list="S23" comment="" />
<PART_OF id="P23" fromID="E33" fromText="guitarist" toID="E30" toText="roles" relationship="member_of" negativity="positive" signal_list="S23" comment="" />
<PART_OF id="P24" fromID="E34" fromText="drummer" toID="E30" toText="roles" relationship="member_of" negativity="positive" signal_list="S23" comment="" />
<PART_OF id="P25" fromID="E35" fromText="player" toID="E30" toText="roles" relationship="member_of" negativity="positive" signal_list="S23" comment="" />
<PART_OF id="P26" fromID="E36" fromText="instrumentalist" toID="E30" toText="roles" relationship="member_of" negativity="positive" signal_list="S23" comment="" />
<PART_OF id="P27" fromID="E38" fromText="foundation" toID="E37" toText="music" relationship="part_of" negativity="positive" signal_list="S24, S25" comment="" />
<PART_OF id="P28" fromID="E39" fromText="rhythms" toID="E38" toText="foundation" relationship="part_of" negativity="positive" signal_list="S26" comment="" />
<PART_OF id="P29" fromID="E40" fromText="meter" toID="E38" toText="foundation" relationship="part_of" negativity="positive" signal_list="S26" comment="" />
<PART_OF id="P30" fromID="E41" fromText="beat" toID="E38" toText="foundation" relationship="part_of" negativity="positive" signal_list="S26" comment="" />
<PART_OF id="P31" fromID="E42" fromText="Dorian" toID="E44" toText="modes" relationship="member_of" negativity="positive" signal_list="S27" comment="" />
<PART_OF id="P32" fromID="E43" fromText="Mixolydian" toID="E44" toText="modes" relationship="member_of" negativity="positive" signal_list="S27" comment="" />
<PART_OF id="P33" fromID="E45" fromText="major" toID="E44" toText="modes" relationship="member_of" negativity="positive" signal_list="S27" comment="" />
<PART_OF id="P34" fromID="E46" fromText="minor" toID="E44" toText="modes" relationship="member_of" negativity="positive" signal_list="S27" comment="" />
<PART_OF id="P35" fromID="E47" fromText="triad" toID="E51" toText="Harmonies" relationship="member_of" negativity="positive" signal_list="S28, S29" comment="" />
<PART_OF id="P36" fromID="E48" fromText="fourths" toID="E51" toText="Harmonies" relationship="member_of" negativity="positive" signal_list="S28, S29" comment="" />
<PART_OF id="P37" fromID="E49" fromText="fifths" toID="E51" toText="Harmonies" relationship="member_of" negativity="positive" signal_list="S28, S29" comment="" />
<PART_OF id="P38" fromID="E50" fromText="progressions" toID="E51" toText="Harmonies" relationship="member_of" negativity="positive" signal_list="S28, S29" comment="" />
<PART_OF id="P39" fromID="E55" fromText="sex" toID="E53" toText="themes" relationship="member_of" negativity="positive" signal_list="S30" comment="" />
<PART_OF id="P40" fromID="E56" fromText="rebellion" toID="E53" toText="themes" relationship="member_of" negativity="positive" signal_list="S30" comment="" />
<PART_OF id="P41" fromID="E57" fromText="concerns" toID="E53" toText="themes" relationship="member_of" negativity="positive" signal_list="S30" comment="" />
<PART_OF id="P42" fromID="E58" fromText="styles" toID="E53" toText="themes" relationship="member_of" negativity="positive" signal_list="S30" comment="" />
<PART_OF id="P43" fromID="E54" fromText="love" toID="E53" toText="themes" relationship="member_of" negativity="positive" signal_list="S30" comment="" />
<PART_OF id="P44" fromID="E53" fromText="themes" toID="E52" toText="lyrics" relationship="part_of" negativity="positive" signal_list="S31" comment="" />
<PART_OF id="P45" fromID="E60" fromText="tradition" toID="E64" toText="sources" relationship="member_of" negativity="positive" signal_list="S32" comment="" />
<PART_OF id="P46" fromID="E61" fromText="music" toID="E64" toText="sources" relationship="member_of" negativity="positive" signal_list="S32" comment="" />
<PART_OF id="P47" fromID="E62" fromText="rhythm" toID="E64" toText="sources" relationship="member_of" negativity="positive" signal_list="S32" comment="" />
<PART_OF id="P48" fromID="E63" fromText="blues" toID="E64" toText="sources" relationship="member_of" negativity="positive" signal_list="S32" comment="" />
<PART_OF id="P50" fromID="E65" fromText="musicians" toID="E67" toText="music" relationship="part_of" negativity="positive" signal_list="S33, S34" comment="" />
<PART_OF id="P51" fromID="E71" fromText="it" toID="E72" toText="rock" relationship="other" negativity="positive" signal_list="S35, S36, S37" comment="" />
<PART_OF id="P52" fromID="E68" fromText="musicianship" toID="E71" toText="it" relationship="part_of" negativity="positive" signal_list="S35, S36, S37" comment="" />
<PART_OF id="P53" fromID="E69" fromText="performance" toID="E71" toText="it" relationship="part_of" negativity="positive" signal_list="S35, S36, S37" comment="" />
<PART_OF id="P54" fromID="E70" fromText="themes" toID="E71" toText="it" relationship="part_of" negativity="positive" signal_list="S35, S36, S37" comment="" />
<PART_OF id="P55" fromID="E70" fromText="themes" toID="E71" toText="it" relationship="part_of" negativity="positive" signal_list="S35, S36, S37" comment="" />
<PART_OF id="P56" fromID="E70" fromText="themes" toID="E74" toText="ideology" relationship="part_of" negativity="positive" signal_list="S39, S40" comment="" />
<PART_OF id="P57" fromID="E81" fromText="emphasis" toID="E79" toText="musicians" relationship="part_of" negativity="positive" signal_list="S41" comment="" />
<PART_OF id="P58" fromID="E75" fromText="skill" toID="E81" toText="emphasis" relationship="part_of" negativity="positive" signal_list="S43" comment="" />
<PART_OF id="P59" fromID="E76" fromText="technique" toID="E81" toText="emphasis" relationship="part_of" negativity="positive" signal_list="S43" comment="" />
<PART_OF id="P60" fromID="E77" fromText="concept" toID="E81" toText="emphasis" relationship="part_of" negativity="positive" signal_list="S43" comment="" />
<PART_OF id="P61" fromID="E87" fromText="forms" toID="E86" toText="term" relationship="part_of" negativity="positive" signal_list="S44" comment="" />
<PART_OF id="P62" fromID="E82" fromText="music" toID="E87" toText="forms" relationship="member_of" negativity="positive" signal_list="S45" comment="" />
<PART_OF id="P63" fromID="E83" fromText="music" toID="E87" toText="forms" relationship="member_of" negativity="positive" signal_list="S45" comment="" />
<PART_OF id="P64" fromID="E84" fromText="music" toID="E87" toText="forms" relationship="member_of" negativity="positive" signal_list="S45" comment="" />
<PART_OF id="P65" fromID="E85" fromText="hip hop" toID="E87" toText="forms" relationship="member_of" negativity="positive" signal_list="S45" comment="" />
<PART_OF id="P2" fromID="E90" fromText="structure" toID="E80" toText="songs" relationship="part_of" negativity="positive" signal_list="S1" comment="" />
<PART_OF id="P10" fromID="E88" fromText="verse" toID="E90" toText="structure" relationship="part_of" negativity="positive" signal_list="" comment="" />
<PART_OF id="P11" fromID="E89" fromText="chorus" toID="E90" toText="structure" relationship="part_of" negativity="positive" signal_list="" comment="" />
<PART_OF id="P49" fromID="E99" fromText="diction" toID="E98" toText="lyrics" relationship="part_of" negativity="positive" signal_list="S8" comment="" />
<PART_OF id="P66" fromID="E100" fromText="refrains" toID="E98" toText="lyrics" relationship="part_of" negativity="positive" signal_list="S8" comment="" />
<PART_OF id="P67" fromID="E102" fromText="style" toID="E106" toText="it" relationship="part_of" negativity="positive" signal_list="S9" comment="" />
<PART_OF id="P68" fromID="E103" fromText="lyrics" toID="E106" toText="it" relationship="part_of" negativity="positive" signal_list="S9" comment="" />
<SIGNAL id="S0" start="23" end="25" text="of" />
<SIGNAL id="S2" start="48" end="56" text="centered" />
<SIGNAL id="S3" start="57" end="63" text="around" />
<SIGNAL id="S4" start="183" end="185" text="of" />
<SIGNAL id="S5" start="232" end="241" text="supported" />
<SIGNAL id="S6" start="242" end="244" text="by" />
<SIGNAL id="S7" start="279" end="281" text="in" />
<SIGNAL id="S10" start="355" end="363" text="combines" />
<SIGNAL id="S11" start="423" end="435" text="complemented" />
<SIGNAL id="S12" start="436" end="438" text="by" />
<SIGNAL id="S13" start="443" end="452" text="inclusion" />
<SIGNAL id="S14" start="453" end="455" text="of" />
<SIGNAL id="S15" start="487" end="491" text="such" />
<SIGNAL id="S16" start="492" end="494" text="as" />
<SIGNAL id="S17" start="464" end="476" text="particularly" />
<SIGNAL id="S18" start="546" end="548" text="of" />
<SIGNAL id="S19" start="631" end="639" text="consists" />
<SIGNAL id="S20" start="640" end="642" text="of" />
<SIGNAL id="S21" start="708" end="712" text="form" />
<SIGNAL id="S22" start="713" end="715" text="of" />
<SIGNAL id="S23" start="765" end="774" text="including" />
<SIGNAL id="S24" start="939" end="944" text="built" />
<SIGNAL id="S25" start="945" end="947" text="on" />
<SIGNAL id="S26" start="961" end="963" text="of" />
<SIGNAL id="S27" start="1123" end="1132" text="including" />
<SIGNAL id="S28" start="1204" end="1209" text="range" />
<SIGNAL id="S29" start="1210" end="1214" text="from" />
<SIGNAL id="S30" start="1867" end="1876" text="including" />
<SIGNAL id="S31" start="1821" end="1826" text="range" />
<SIGNAL id="S32" start="2009" end="2018" text="including" />
<SIGNAL id="S33" start="2363" end="2365" text="in" />
<SIGNAL id="S34" start="2302" end="2314" text="predominance" />
<SIGNAL id="S35" start="2772" end="2787" text="characteristics" />
<SIGNAL id="S36" start="2832" end="2840" text="emphasis" />
<SIGNAL id="S37" start="2841" end="2843" text="on" />
<SIGNAL id="S39" start="2924" end="2928" text="part" />
<SIGNAL id="S40" start="2929" end="2931" text="of" />
<SIGNAL id="S41" start="3156" end="3164" text="combined" />
<SIGNAL id="S43" start="3177" end="3179" text="on" />
<SIGNAL id="S44" start="3358" end="3367" text="including" />
<SIGNAL id="S45" start="3374" end="3381" text="such as" />
<SIGNAL id="S1" start="1344" end="1348" text="used" />
<SIGNAL id="S8" start="2164" end="2168" text="with" />
<SIGNAL id="S9" start="2582" end="2584" text="in" />
</TAGS>
</PartML>