<?xml version="1.0" encoding="UTF-8" ?>
<PartML>
<TEXT><![CDATA[
Sea Snail

Sea snail is a common name for snails that normally live in saltwater, in other words it is a common name for marine gastropod molluscs. (The taxonomic class Gastropoda also includes snails that live in other habitats, i.e. land snails and freshwater snails.)

Sea snails are marine gastropods that have shells. Those marine gastropods that have no shells, or have only internal shells, are variously known by other common names, including sea slug, sea hare, nudibranch, etc.

Many sea snails are edible and are exploited as food sources by humans. Some well-known kinds of edible sea snails are abalone, conch, limpets, whelks (such as the North American Busycon species and the North Atlantic Buccinum undatum) and periwinkles, including Littorina littorea.

There is enormous diversity within sea snails. Many very different clades of gastropods are either dominated by, or consist exclusively of, sea snails. Because of this great variability, it is not possible to generalize about the feeding, reproduction, habitat and so on of sea snails. Instead it is necessary to look at the articles about individual clades, families, genera or species.

The shells of most species of sea snails are spirally coiled. Some however have shells that are conical, and these are often referred to by the common name of limpets. In one unusual family Juliidae, the shell of the snail has become two hinged plates closely resembling those of a bivalve; this family is sometimes called the "bivalved gastropods".

The shells of living species of sea snails range in size from Syrinx aruanus, the largest living shelled gastropod species, to minute species whose shells are under 1 mm at adult size.
Because in many cases the shells of sea snails are strong and durable, as a group they are well represented in the fossil record.

The shells come in a variety of shapes and sizes but are normally very small.

]]></TEXT>
<TAGS>
<ENTITY id="E0" start="34" end="38" text="name" type="abstract" reference_count="single" comment="" />
<ENTITY id="E1" start="43" end="49" text="snails" type="physical" reference_count="multiple" comment="" />
<ENTITY id="E2" start="113" end="117" text="name" type="abstract" reference_count="single" comment="" />
<ENTITY id="E3" start="139" end="147" text="molluscs" type="physical" reference_count="multiple" comment="" />
<ENTITY id="E4" start="170" end="180" text="Gastropoda" type="abstract" reference_count="single" comment="" />
<ENTITY id="E5" start="195" end="201" text="snails" type="physical" reference_count="multiple" comment="" />
<ENTITY id="E6" start="295" end="305" text="gastropods" type="physical" reference_count="multiple" comment="" />
<ENTITY id="E7" start="316" end="322" text="shells" type="physical" reference_count="multiple" comment="" />
<ENTITY id="E8" start="337" end="347" text="gastropods" type="physical" reference_count="multiple" comment="" />
<ENTITY id="E9" start="358" end="367" text="no shells" type="physical" reference_count="zero" comment="" />
<ENTITY id="E10" start="391" end="397" text="shells" type="physical" reference_count="multiple" comment="" />
<ENTITY id="E11" start="598" end="604" text="snails" type="physical" reference_count="multiple" comment="" />
<ENTITY id="E12" start="609" end="616" text="abalone" type="physical" reference_count="single" comment="" />
<ENTITY id="E14" start="625" end="632" text="limpets" type="physical" reference_count="multiple" comment="" />
<ENTITY id="E15" start="634" end="640" text="whelks" type="physical" reference_count="multiple" comment="" />
<ENTITY id="E16" start="730" end="741" text="periwinkles" type="physical" reference_count="multiple" comment="" />
<ENTITY id="E17" start="753" end="771" text="Littorina littorea" type="physical" reference_count="single" comment="" />
<ENTITY id="E18" start="618" end="623" text="conch" type="physical" reference_count="single" comment="" />
<ENTITY id="E19" start="841" end="847" text="clades" type="physical" reference_count="multiple" comment="" />
<ENTITY id="E20" start="918" end="924" text="snails" type="physical" reference_count="multiple" comment="" />
<ENTITY id="E21" start="1167" end="1173" text="shells" type="physical" reference_count="multiple" comment="" />
<ENTITY id="E22" start="1182" end="1189" text="species" type="abstract" reference_count="multiple" comment="" />
<ENTITY id="E23" start="1197" end="1203" text="snails" type="physical" reference_count="multiple" comment="" />
<ENTITY id="E24" start="1367" end="1372" text="shell" type="physical" reference_count="single" comment="" />
<ENTITY id="E25" start="1380" end="1385" text="snail" type="physical" reference_count="single" comment="" />
<ENTITY id="E26" start="1434" end="1439" text="those" type="physical" reference_count="multiple" comment="" />
<ENTITY id="E27" start="1445" end="1452" text="bivalve" type="physical" reference_count="single" comment="" />
<ENTITY id="E28" start="1518" end="1524" text="shells" type="physical" reference_count="multiple" comment="" />
<ENTITY id="E29" start="1535" end="1542" text="species" type="abstract" reference_count="multiple" comment="" />
<ENTITY id="E30" start="1550" end="1556" text="snails" type="physical" reference_count="multiple" comment="" />
<ENTITY id="E31" start="1648" end="1655" text="species" type="abstract" reference_count="multiple" comment="" />
<ENTITY id="E32" start="1662" end="1668" text="shells" type="physical" reference_count="multiple" comment="" />
<ENTITY id="E33" start="1725" end="1731" text="shells" type="physical" reference_count="multiple" comment="" />
<ENTITY id="E34" start="1739" end="1745" text="snails" type="physical" reference_count="multiple" comment="" />
<ENTITY id="E13" start="5" end="10" text="Snail" type="concrete" reference_count="single" comment="" />
<ENTITY id="E35" start="16" end="21" text="snail" type="concrete" reference_count="single" comment="" />
<ENTITY id="E36" start="72" end="81" text="saltwater" type="concrete" reference_count="single" comment="" />
<ENTITY id="E37" start="241" end="247" text="snails" type="concrete" reference_count="single" comment="" />
<ENTITY id="E38" start="263" end="269" text="snails" type="concrete" reference_count="single" comment="" />
<ENTITY id="E39" start="277" end="283" text="snails" type="concrete" reference_count="single" comment="" />
<ENTITY id="E40" start="435" end="440" text="names" type="concrete" reference_count="single" comment="" />
<ENTITY id="E41" start="456" end="460" text="slug" type="concrete" reference_count="single" comment="" />
<ENTITY id="E42" start="466" end="470" text="hare" type="concrete" reference_count="single" comment="" />
<ENTITY id="E43" start="472" end="482" text="nudibranch" type="concrete" reference_count="single" comment="" />
<ENTITY id="E44" start="499" end="505" text="snails" type="concrete" reference_count="single" comment="" />
<ENTITY id="E45" start="543" end="550" text="sources" type="concrete" reference_count="single" comment="" />
<ENTITY id="E46" start="554" end="560" text="humans" type="concrete" reference_count="single" comment="" />
<ENTITY id="E47" start="677" end="684" text="species" type="concrete" reference_count="single" comment="" />
<ENTITY id="E48" start="717" end="724" text="undatum" type="concrete" reference_count="single" comment="" />
<ENTITY id="E49" start="813" end="819" text="snails" type="concrete" reference_count="single" comment="" />
<ENTITY id="E50" start="851" end="861" text="gastropods" type="concrete" reference_count="single" comment="" />
<ENTITY id="E51" start="1052" end="1058" text="snails" type="concrete" reference_count="single" comment="" />
<ENTITY id="E52" start="1099" end="1107" text="articles" type="concrete" reference_count="single" comment="" />
<ENTITY id="E53" start="1125" end="1131" text="clades" type="concrete" reference_count="single" comment="" />
<ENTITY id="E54" start="1133" end="1141" text="families" type="concrete" reference_count="single" comment="" />
<ENTITY id="E55" start="1143" end="1149" text="genera" type="concrete" reference_count="single" comment="" />
<ENTITY id="E56" start="1153" end="1160" text="species" type="concrete" reference_count="single" comment="" />
<ENTITY id="E57" start="1243" end="1249" text="shells" type="concrete" reference_count="single" comment="" />
<ENTITY id="E58" start="1225" end="1229" text="Some" type="concrete" reference_count="single" comment="" />
<ENTITY id="E59" start="1322" end="1329" text="limpets" type="concrete" reference_count="single" comment="" />
<ENTITY id="E60" start="1353" end="1361" text="Juliidae" type="concrete" reference_count="single" comment="" />
<ENTITY id="E61" start="1408" end="1414" text="plates" type="concrete" reference_count="single" comment="" />
<ENTITY id="E62" start="1459" end="1465" text="family" type="concrete" reference_count="single" comment="" />
<ENTITY id="E63" start="1500" end="1510" text="gastropods" type="concrete" reference_count="single" comment="" />
<ENTITY id="E64" start="1583" end="1590" text="aruanus" type="concrete" reference_count="single" comment="" />
<ENTITY id="E65" start="1629" end="1636" text="species" type="concrete" reference_count="single" comment="" />
<ENTITY id="E66" start="1775" end="1780" text="group" type="concrete" reference_count="single" comment="" />
<ENTITY id="E67" start="1781" end="1785" text="they" type="concrete" reference_count="single" comment="" />
<ENTITY id="E68" start="1821" end="1827" text="record" type="concrete" reference_count="single" comment="" />
<ENTITY id="E69" start="1834" end="1840" text="shells" type="concrete" reference_count="single" comment="" />
<ENTITY id="E70" start="1862" end="1868" text="shapes" type="concrete" reference_count="single" comment="" />
<ENTITY id="E71" start="1873" end="1878" text="sizes" type="concrete" reference_count="single" comment="" />
<PART_OF id="P4" fromID="E9" fromText="no shells" toID="E8" toText="gastropods" relationship="part_of" negativity="negative" signal_list="S5" comment="" />
<PART_OF id="P5" fromID="E10" fromText="shells" toID="E8" toText="gastropods" relationship="part_of" negativity="positive" signal_list="S6" comment="" />
<PART_OF id="P12" fromID="E20" fromText="snails" toID="E19" toText="clades" relationship="member_of" negativity="positive" signal_list="S9 S10" comment="" />
<PART_OF id="P13" fromID="E22" fromText="species" toID="E23" toText="snails" relationship="member_of" negativity="positive" signal_list="S12" comment="" />
<PART_OF id="P14" fromID="E21" fromText="shells" toID="E22" toText="species" relationship="part_of" negativity="positive" signal_list="S11" comment="" />
<PART_OF id="P15" fromID="E24" fromText="shell" toID="E25" toText="snail" relationship="part_of" negativity="positive" signal_list="S13" comment="" />
<PART_OF id="P16" fromID="E26" fromText="those" toID="E27" toText="bivalve" relationship="part_of" negativity="positive" signal_list="S14" comment="" />
<PART_OF id="P17" fromID="E28" fromText="shells" toID="E29" toText="species" relationship="part_of" negativity="positive" signal_list="S15" comment="" />
<PART_OF id="P19" fromID="E32" fromText="shells" toID="E31" toText="species" relationship="part_of" negativity="positive" signal_list="S17" comment="" />
<PART_OF id="P20" fromID="E33" fromText="shells" toID="E34" toText="snails" relationship="part_of" negativity="positive" signal_list="S18" comment="" />
<PART_OF id="P21" fromID="E7" fromText="shells" toID="E39" toText="snails" relationship="part_of" negativity="positive" signal_list="S4" comment="" />
<PART_OF id="P22" fromID="E57" fromText="shells" toID="E58" toText="Some" relationship="part_of" negativity="positive" signal_list="S9" comment="" />
<PART_OF id="P23" fromID="E61" fromText="plates" toID="E24" toText="shell" relationship="part_of" negativity="positive" signal_list="" comment="" />
<SIGNAL id="S4" start="311" end="315" text="have" />
<SIGNAL id="S5" start="353" end="357" text="have" />
<SIGNAL id="S6" start="372" end="376" text="have" />
<SIGNAL id="S8" start="743" end="752" text="including" />
<SIGNAL id="S9" start="890" end="897" text="consist" />
<SIGNAL id="S10" start="910" end="912" text="of" />
<SIGNAL id="S11" start="1174" end="1176" text="of" />
<SIGNAL id="S12" start="1190" end="1192" text="of" />
<SIGNAL id="S13" start="1373" end="1375" text="of" />
<SIGNAL id="S14" start="1440" end="1442" text="of" />
<SIGNAL id="S15" start="1525" end="1527" text="of" />
<SIGNAL id="S17" start="1656" end="1661" text="whose" />
<SIGNAL id="S18" start="1732" end="1734" text="of" />
<SIGNAL id="S0" start="1238" end="1242" text="have" />
</TAGS>
</PartML>