<?xml version="1.0" encoding="UTF-8" ?>
<PartML>
<TEXT><![CDATA[
Single Market

A single market is a type of trade bloc which is composed of a free trade area (for goods) with common policies on product regulation, and freedom of movement of the factors of production (capital and labour) and of enterprise and services. The goal is that the movement of capital, labour, goods, and services between the members is as easy as within them.[1] The physical (borders), technical (standards) and fiscal (taxes) barriers among the member states are removed to the maximum extent possible. These barriers obstruct the freedom of movement of the four factors of production.
A common market is a first stage towards a single market, and may be limited initially to a free trade area with relatively free movement of capital and of services, but not so advanced in reduction of the rest of the trade barriers.
The European Economic Community was the first example of a both common and single market, but it was an economic union since it had additionally a customs union.
A single market has many benefits. With full freedom of movement for all the factors of production between the member countries, the factors of production become more efficiently allocated, further increasing productivity.
For both business within the market and consumers, a single market is a very competitive environment, making the existence of monopolies more difficult. This means that inefficient companies will suffer a loss of market share and may have to close down. However, efficient firms can benefit from economies of scale, increased competitiveness and lower costs, as well as expect profitability to be a result. Consumers are benefited by the single market in the sense that the competitive environment brings them cheaper products, more efficient providers of products and also increased choice of products. What is more, businesses in competition will innovate to create new products; another benefit for consumers.
Transition to a single market can have short term negative impact on some sectors of a national economy due to increased international competition. Enterprises that previously enjoyed national market protection and national subsidy (and could therefore continue in business despite falling short of international performance benchmarks) may struggle to survive against their more efficient peers, even for its traditional markets. Ultimately, if the enterprise fails to improve its organization and methods, it will fail. The consequence may be unemployment or migration.

]]></TEXT>
<TAGS>
<ENTITY id="E0" start="56" end="61" text="which" type="physical" reference_count="single" comment="" />
<ENTITY id="E1" start="90" end="94" text="area" type="abstract" reference_count="single" comment="" />
<ENTITY id="E2" start="119" end="127" text="policies" type="abstract" reference_count="multiple" comment="" />
<ENTITY id="E3" start="155" end="162" text="freedom" type="abstract" reference_count="single" comment="" />
<ENTITY id="E4" start="193" end="203" text="production" type="abstract" reference_count="single" comment="" />
<ENTITY id="E5" start="232" end="242" text="enterprise" type="abstract" reference_count="single" comment="" />
<ENTITY id="E6" start="247" end="255" text="services" type="physical" reference_count="multiple" comment="" />
<ENTITY id="E8" start="611" end="617" text="market" type="abstract" reference_count="single" comment="" />
<ENTITY id="E9" start="705" end="709" text="area" type="abstract" reference_count="single" comment="" />
<ENTITY id="E10" start="731" end="739" text="movement" type="abstract" reference_count="single" comment="" />
<ENTITY id="E13" start="791" end="800" text="reduction" type="abstract" reference_count="single" comment="" />
<ENTITY id="E15" start="858" end="867" text="Community" type="physical" reference_count="single" comment="" />
<ENTITY id="E16" start="991" end="996" text="union" type="physical" reference_count="single" comment="" />
<ENTITY id="E7" start="8" end="14" text="Market" type="concrete" reference_count="single" comment="" />
<ENTITY id="E11" start="51" end="55" text="bloc" type="concrete" reference_count="single" comment="" />
<ENTITY id="E12" start="25" end="31" text="market" type="concrete" reference_count="single" comment="" />
<ENTITY id="E14" start="100" end="105" text="goods" type="concrete" reference_count="single" comment="" />
<ENTITY id="E17" start="139" end="149" text="regulation" type="concrete" reference_count="single" comment="" />
<ENTITY id="E18" start="261" end="265" text="goal" type="concrete" reference_count="single" comment="" />
<ENTITY id="E19" start="290" end="297" text="capital" type="concrete" reference_count="single" comment="" />
<ENTITY id="E20" start="299" end="305" text="labour" type="concrete" reference_count="single" comment="" />
<ENTITY id="E21" start="307" end="312" text="goods" type="concrete" reference_count="single" comment="" />
<ENTITY id="E22" start="318" end="326" text="services" type="concrete" reference_count="multiple" comment="" />
<ENTITY id="E23" start="339" end="346" text="members" type="concrete" reference_count="single" comment="" />
<ENTITY id="E24" start="368" end="372" text="them" type="concrete" reference_count="single" comment="" />
<ENTITY id="E25" start="442" end="450" text="barriers" type="concrete" reference_count="single" comment="" />
<ENTITY id="E26" start="468" end="474" text="states" type="concrete" reference_count="single" comment="" />
<ENTITY id="E27" start="525" end="533" text="barriers" type="concrete" reference_count="single" comment="" />
<ENTITY id="E28" start="547" end="554" text="freedom" type="concrete" reference_count="single" comment="" />
<ENTITY id="E29" start="579" end="586" text="factors" type="concrete" reference_count="single" comment="" />
<ENTITY id="E30" start="502" end="508" text="extent" type="concrete" reference_count="single" comment="" />
<ENTITY id="E31" start="918" end="924" text="market" type="concrete" reference_count="single" comment="" />
<ENTITY id="E32" start="1007" end="1013" text="market" type="concrete" reference_count="single" comment="" />
<ENTITY id="E34" start="1116" end="1125" text="countries" type="concrete" reference_count="single" comment="" />
<ENTITY id="E35" start="1043" end="1050" text="freedom" type="concrete" reference_count="single" comment="" />
<ENTITY id="E36" start="1075" end="1082" text="factors" type="concrete" reference_count="single" comment="" />
<ENTITY id="E37" start="1086" end="1096" text="production" type="concrete" reference_count="single" comment="" />
<ENTITY id="E38" start="1131" end="1138" text="factors" type="concrete" reference_count="single" comment="" />
<ENTITY id="E39" start="1142" end="1152" text="production" type="concrete" reference_count="single" comment="" />
<ENTITY id="E40" start="1207" end="1219" text="productivity" type="concrete" reference_count="single" comment="" />
<ENTITY id="E41" start="1230" end="1238" text="business" type="concrete" reference_count="single" comment="" />
<ENTITY id="E42" start="1250" end="1256" text="market" type="concrete" reference_count="single" comment="" />
<ENTITY id="E43" start="1261" end="1270" text="consumers" type="concrete" reference_count="single" comment="" />
<ENTITY id="E44" start="1281" end="1287" text="market" type="concrete" reference_count="single" comment="" />
<ENTITY id="E45" start="1310" end="1321" text="environment" type="concrete" reference_count="single" comment="" />
<ENTITY id="E46" start="1347" end="1357" text="monopolies" type="concrete" reference_count="single" comment="" />
<ENTITY id="E47" start="1402" end="1411" text="companies" type="concrete" reference_count="single" comment="" />
<ENTITY id="E48" start="1441" end="1446" text="share" type="concrete" reference_count="single" comment="" />
<ENTITY id="E49" start="1494" end="1499" text="firms" type="concrete" reference_count="single" comment="" />
<ENTITY id="E50" start="1517" end="1526" text="economies" type="concrete" reference_count="single" comment="" />
<ENTITY id="E51" start="1547" end="1562" text="competitiveness" type="concrete" reference_count="single" comment="" />
<ENTITY id="E52" start="1573" end="1578" text="costs" type="concrete" reference_count="single" comment="" />
<ENTITY id="E53" start="1598" end="1611" text="profitability" type="concrete" reference_count="single" comment="" />
<ENTITY id="E54" start="1628" end="1637" text="Consumers" type="concrete" reference_count="single" comment="" />
<ENTITY id="E55" start="1666" end="1672" text="market" type="concrete" reference_count="single" comment="" />
<ENTITY id="E56" start="1707" end="1718" text="environment" type="concrete" reference_count="single" comment="" />
<ENTITY id="E57" start="1739" end="1747" text="products" type="concrete" reference_count="single" comment="" />
<ENTITY id="E58" start="1764" end="1773" text="providers" type="concrete" reference_count="single" comment="" />
<ENTITY id="E59" start="1777" end="1785" text="products" type="concrete" reference_count="single" comment="" />
<ENTITY id="E60" start="1815" end="1823" text="products" type="concrete" reference_count="single" comment="" />
<ENTITY id="E61" start="1805" end="1811" text="choice" type="concrete" reference_count="single" comment="" />
<ENTITY id="E62" start="1839" end="1849" text="businesses" type="concrete" reference_count="single" comment="" />
<ENTITY id="E63" start="1893" end="1901" text="products" type="concrete" reference_count="single" comment="" />
<ENTITY id="E64" start="1923" end="1932" text="consumers" type="concrete" reference_count="single" comment="" />
<ENTITY id="E65" start="1957" end="1963" text="market" type="concrete" reference_count="single" comment="" />
<ENTITY id="E66" start="1993" end="1999" text="impact" type="concrete" reference_count="single" comment="" />
<ENTITY id="E67" start="2008" end="2015" text="sectors" type="concrete" reference_count="single" comment="" />
<ENTITY id="E68" start="2030" end="2037" text="economy" type="concrete" reference_count="single" comment="" />
<ENTITY id="E69" start="2069" end="2080" text="competition" type="concrete" reference_count="single" comment="" />
<ENTITY id="E70" start="2082" end="2093" text="Enterprises" type="concrete" reference_count="single" comment="" />
<ENTITY id="E71" start="2134" end="2144" text="protection" type="concrete" reference_count="single" comment="" />
<ENTITY id="E72" start="2158" end="2165" text="subsidy" type="concrete" reference_count="single" comment="" />
<ENTITY id="E73" start="2199" end="2207" text="business" type="concrete" reference_count="single" comment="" />
<ENTITY id="E74" start="2259" end="2269" text="benchmarks" type="concrete" reference_count="single" comment="" />
<ENTITY id="E75" start="2324" end="2329" text="peers" type="concrete" reference_count="single" comment="" />
<ENTITY id="E76" start="2356" end="2363" text="markets" type="concrete" reference_count="single" comment="" />
<ENTITY id="E77" start="2384" end="2394" text="enterprise" type="concrete" reference_count="single" comment="" />
<ENTITY id="E78" start="2416" end="2428" text="organization" type="concrete" reference_count="single" comment="" />
<ENTITY id="E79" start="2433" end="2440" text="methods" type="concrete" reference_count="single" comment="" />
<ENTITY id="E80" start="590" end="600" text="production" type="concrete" reference_count="single" comment="" />
<ENTITY id="E81" start="743" end="750" text="capital" type="concrete" reference_count="single" comment="" />
<ENTITY id="E82" start="758" end="766" text="services" type="concrete" reference_count="single" comment="" />
<ENTITY id="E83" start="652" end="658" text="market" type="concrete" reference_count="single" comment="" />
<ENTITY id="E84" start="826" end="834" text="barriers" type="concrete" reference_count="single" comment="" />
<ENTITY id="E85" start="1726" end="1730" text="them" type="concrete" reference_count="single" comment="" />
<ENTITY id="E86" start="2340" end="2343" text="its" type="concrete" reference_count="single" comment="" />
<PART_OF id="P0" fromID="E1" fromText="area" toID="E0" toText="which" relationship="part_of" negativity="positive" signal_list="S0, S1" comment="" />
<PART_OF id="P1" fromID="E2" fromText="policies" toID="E0" toText="which" relationship="part_of" negativity="positive" signal_list="S0, S1" comment="" />
<PART_OF id="P2" fromID="E3" fromText="freedom" toID="E0" toText="which" relationship="part_of" negativity="positive" signal_list="S0, S1" comment="" />
<PART_OF id="P6" fromID="E4" fromText="production" toID="E3" toText="freedom" relationship="part_of" negativity="positive" signal_list="S2" comment="" />
<PART_OF id="P7" fromID="E5" fromText="enterprise" toID="E3" toText="freedom" relationship="part_of" negativity="positive" signal_list="S2" comment="" />
<PART_OF id="P8" fromID="E6" fromText="services" toID="E3" toText="freedom" relationship="part_of" negativity="positive" signal_list="S2" comment="" />
<PART_OF id="P9" fromID="E9" fromText="area" toID="E8" toText="market" relationship="part_of" negativity="positive" signal_list="" comment="" />
<PART_OF id="P10" fromID="E10" fromText="movement" toID="E8" toText="market" relationship="part_of" negativity="positive" signal_list="" comment="" />
<PART_OF id="P11" fromID="E13" fromText="reduction" toID="E8" toText="market" relationship="part_of" negativity="negative" signal_list="S3" comment="" />
<PART_OF id="P12" fromID="E16" fromText="union" toID="E15" toText="Community" relationship="part_of" negativity="positive" signal_list="S4" comment="" />
<PART_OF id="P3" fromID="E25" fromText="barriers" toID="E26" toText="states" relationship="part_of" negativity="positive" signal_list="S5" comment="" />
<PART_OF id="P4" fromID="E29" fromText="factors" toID="E80" toText="production" relationship="part_of" negativity="positive" signal_list="S6" comment="" />
<PART_OF id="P5" fromID="E36" fromText="factors" toID="E37" toText="production" relationship="part_of" negativity="positive" signal_list="S7" comment="" />
<PART_OF id="P13" fromID="E34" fromText="countries" toID="E32" toText="market" relationship="member_of" negativity="positive" signal_list="S8" comment="" />
<PART_OF id="P14" fromID="E46" fromText="monopolies" toID="E45" toText="environment" relationship="member_of" negativity="positive" signal_list="S9" comment="" />
<PART_OF id="P15" fromID="E67" fromText="sectors" toID="E68" toText="economy" relationship="member_of" negativity="positive" signal_list="S10" comment="" />
<PART_OF id="P16" fromID="E86" fromText="its" toID="E76" toText="markets" relationship="member_of" negativity="positive" signal_list="" comment="" />
<SIGNAL id="S0" start="65" end="73" text="composed" />
<SIGNAL id="S1" start="74" end="76" text="of" />
<SIGNAL id="S2" start="772" end="775" text="not" />
<SIGNAL id="S3" start="175" end="177" text="of" />
<SIGNAL id="S4" start="964" end="967" text="had" />
<SIGNAL id="S5" start="451" end="456" text="among" />
<SIGNAL id="S6" start="587" end="589" text="of" />
<SIGNAL id="S7" start="1083" end="1085" text="of" />
<SIGNAL id="S8" start="1109" end="1115" text="member" />
<SIGNAL id="S9" start="1334" end="1343" text="existence" />
<SIGNAL id="S10" start="2016" end="2018" text="of" />
</TAGS>
</PartML>