<?xml version="1.0" encoding="UTF-8" ?>
<PartML>
<TEXT><![CDATA[
Tarbell Building

Tarbell Building is a historic commercial building located in the Village of Marathon in Cortland County, New York. It is a three story brick structure constructed in 1885 in the Queen Anne style. It has retail storefronts on the first floor and apartments and storage on the second and third. A rock faced foundation pierced with basement windows is exposed on the south side.

]]></TEXT>
<TAGS>
<ENTITY id="E0" start="216" end="218" text="It" type="physical" reference_count="single" comment="" />
<ENTITY id="E1" start="230" end="241" text="storefronts" type="physical" reference_count="single" comment="" />
<ENTITY id="E2" start="255" end="260" text="floor" type="physical" reference_count="single" comment="" />
<ENTITY id="E3" start="265" end="275" text="apartments" type="physical" reference_count="single" comment="" />
<ENTITY id="E4" start="280" end="287" text="storage" type="physical" reference_count="single" comment="" />
<ENTITY id="E5" start="295" end="301" text="second" type="physical" reference_count="single" comment="" />
<ENTITY id="E6" start="306" end="311" text="third" type="physical" reference_count="single" comment="" />
<ENTITY id="E7" start="391" end="395" text="side" type="physical" reference_count="single" comment="" />
<ENTITY id="E8" start="326" end="336" text="foundation" type="physical" reference_count="single" comment="" />
<ENTITY id="E9" start="359" end="366" text="windows" type="physical" reference_count="single" comment="" />
<ENTITY id="E10" start="161" end="170" text="structure" type="concrete" reference_count="single" comment="" />
<ENTITY id="E11" start="209" end="214" text="style" type="concrete" reference_count="single" comment="" />
<PART_OF id="P0" fromID="E9" fromText="windows" toID="E8" toText="foundation" relationship="part_of" negativity="positive" signal_list="S1" comment="" />
<PART_OF id="P1" fromID="E7" fromText="side" toID="E0" toText="It" relationship="part_of" negativity="positive" signal_list="" comment="" />
<PART_OF id="P3" fromID="E6" fromText="third" toID="E0" toText="It" relationship="part_of" negativity="positive" signal_list="S0" comment="" />
<PART_OF id="P4" fromID="E5" fromText="second" toID="E0" toText="It" relationship="part_of" negativity="positive" signal_list="S0" comment="" />
<PART_OF id="P5" fromID="E4" fromText="storage" toID="E5" toText="second" relationship="part_of" negativity="positive" signal_list="S2" comment="" />
<PART_OF id="P6" fromID="E4" fromText="storage" toID="E6" toText="third" relationship="part_of" negativity="positive" signal_list="S2" comment="" />
<PART_OF id="P8" fromID="E1" fromText="storefronts" toID="E2" toText="floor" relationship="part_of" negativity="positive" signal_list="S3" comment="" />
<PART_OF id="P9" fromID="E2" fromText="floor" toID="E0" toText="It" relationship="part_of" negativity="positive" signal_list="S0" comment="" />
<PART_OF id="P10" fromID="E3" fromText="apartments" toID="E5" toText="second" relationship="part_of" negativity="positive" signal_list="S2" comment="" />
<PART_OF id="P11" fromID="E3" fromText="apartments" toID="E6" toText="third" relationship="part_of" negativity="positive" signal_list="S2" comment="" />
<PART_OF id="P12" fromID="E8" fromText="foundation" toID="E7" toText="side" relationship="part_of" negativity="positive" signal_list="S1" comment="" />
<PART_OF id="P13" fromID="E0" fromText="It" toID="E1" toText="storefronts" relationship="part_of" negativity="positive" signal_list="S0" comment="" />
<SIGNAL id="S0" start="219" end="222" text="has" />
<SIGNAL id="S1" start="345" end="349" text="with" />
<SIGNAL id="S2" start="288" end="290" text="on" />
<SIGNAL id="S3" start="242" end="244" text="on" />
<SIGNAL id="S4" start="378" end="380" text="on" />
</TAGS>
</PartML>