<?xml version="1.0" encoding="UTF-8" ?>
<PartML>
<TEXT><![CDATA[
Yacht

A yacht /'j?t/ is a recreational boat or ship. The term originated from the Dutch Jacht meaning "hunt".[note 1] It was originally defined as a light fast sailing vessel used by the Dutch navy to pursue pirates and other transgressors around and into the shallow waters of the Low Countries. After its selection by Charles II of England as the vessel to Britain from Holland for his restoration, it came to be used to mean a vessel used to convey important persons.

In modern use the term designates two rather different classes of watercraft, sailing and power boats. Yachts are different from working ships mainly by their leisure purpose, and it was not until the rise of the steamboat and other types of powerboat that sailing vessels in general came to be perceived as luxury, or recreational vessels. Later the term came to encompass motor boats for primarily private pleasure purposes as well.

Yacht lengths generally range from 10 metres (33 ft) up to dozens of metres (hundreds of feet). A luxury craft smaller than 12 metres (39 ft) is more commonly called a cabin cruiser or simply a cruiser. A mega yacht generally refers to any yacht (sail or power) above 30 m (98 ft) and a super yacht generally refers to any yacht over 50 metres (164 ft). This size is small in relation to typical cruise liners and oil tankers.

Day sailing yachts are usually small, at under 6 metres (20 ft) in length. Sometimes called sailing dinghies, they often have a retractable keel, centreboard, or daggerboard. Most day sailing yachts do not have a cabin, as they are designed for hourly or daily use and not for overnight journeys. they may have a 'cuddy' cabin, where the front part of the hull has a raised solid roof to provide a place to store equipment or to offer shelter from wind or spray.

Weekender yachts are slightly larger, at under 9.5 metres (31 ft) in length. They may have twin keels or lifting keels such as in tr
]]></TEXT>
<TAGS>
<ENTITY id="E2" start="570" end="575" text="boats" type="physical" reference_count="single" comment="" />
<ENTITY id="E3" start="540" end="550" text="watercraft" type="abstract" reference_count="multiple" comment="" />
<ENTITY id="E4" start="916" end="923" text="lengths" type="abstract" reference_count="multiple" comment="" />
<ENTITY id="E5" start="910" end="915" text="Yacht" type="physical" reference_count="single" comment="" />
<ENTITY id="E6" start="1448" end="1452" text="they" type="physical" reference_count="multiple" comment="" />
<ENTITY id="E7" start="1478" end="1482" text="keel" type="physical" reference_count="single" comment="" />
<ENTITY id="E8" start="1484" end="1495" text="centreboard" type="physical" reference_count="single" comment="" />
<ENTITY id="E9" start="1500" end="1511" text="daggerboard" type="physical" reference_count="single" comment="" />
<ENTITY id="E10" start="1530" end="1536" text="yachts" type="physical" reference_count="single" comment="" />
<ENTITY id="E11" start="1551" end="1556" text="cabin" type="physical" reference_count="single" comment="" />
<ENTITY id="E12" start="1635" end="1639" text="they" type="physical" reference_count="single" comment="" />
<ENTITY id="E13" start="1659" end="1664" text="cabin" type="physical" reference_count="single" comment="" />
<ENTITY id="E14" start="1682" end="1686" text="part" type="physical" reference_count="single" comment="" />
<ENTITY id="E15" start="1694" end="1698" text="hull" type="physical" reference_count="single" comment="" />
<ENTITY id="E16" start="1718" end="1722" text="roof" type="physical" reference_count="single" comment="" />
<ENTITY id="E17" start="1879" end="1883" text="They" type="physical" reference_count="multiple" comment="" />
<ENTITY id="E18" start="1898" end="1903" text="keels" type="physical" reference_count="multiple" comment="" />
<ENTITY id="E19" start="1915" end="1920" text="keels" type="physical" reference_count="multiple" comment="" />
<ENTITY id="E0" start="1" end="6" text="Yacht" type="concrete" reference_count="single" comment="" />
<ENTITY id="E1" start="10" end="15" text="yacht" type="concrete" reference_count="single" comment="" />
<ENTITY id="E20" start="41" end="45" text="boat" type="concrete" reference_count="single" comment="" />
<ENTITY id="E21" start="49" end="53" text="ship" type="concrete" reference_count="single" comment="" />
<ENTITY id="E22" start="59" end="63" text="term" type="concrete" reference_count="single" comment="" />
<ENTITY id="E23" start="90" end="95" text="Jacht" type="concrete" reference_count="single" comment="" />
<ENTITY id="E24" start="170" end="176" text="vessel" type="concrete" reference_count="single" comment="" />
<ENTITY id="E25" start="195" end="199" text="navy" type="concrete" reference_count="single" comment="" />
<ENTITY id="E26" start="210" end="217" text="pirates" type="concrete" reference_count="single" comment="" />
<ENTITY id="E27" start="228" end="241" text="transgressors" type="concrete" reference_count="single" comment="" />
<ENTITY id="E28" start="270" end="276" text="waters" type="concrete" reference_count="single" comment="" />
<ENTITY id="E29" start="288" end="297" text="Countries" type="concrete" reference_count="single" comment="" />
<ENTITY id="E30" start="309" end="318" text="selection" type="concrete" reference_count="single" comment="" />
<ENTITY id="E31" start="322" end="329" text="Charles" type="concrete" reference_count="single" comment="" />
<ENTITY id="E32" start="351" end="357" text="vessel" type="concrete" reference_count="single" comment="" />
<ENTITY id="E34" start="386" end="389" text="his" type="concrete" reference_count="single" comment="" />
<ENTITY id="E36" start="403" end="405" text="it" type="concrete" reference_count="single" comment="" />
<ENTITY id="E37" start="432" end="438" text="vessel" type="concrete" reference_count="single" comment="" />
<ENTITY id="E38" start="464" end="471" text="persons" type="concrete" reference_count="single" comment="" />
<ENTITY id="E39" start="492" end="496" text="term" type="concrete" reference_count="single" comment="" />
<ENTITY id="E40" start="577" end="583" text="Yachts" type="concrete" reference_count="single" comment="" />
<ENTITY id="E41" start="627" end="632" text="their" type="concrete" reference_count="single" comment="" />
<ENTITY id="E42" start="641" end="648" text="purpose" type="concrete" reference_count="single" comment="" />
<ENTITY id="E43" start="687" end="696" text="steamboat" type="concrete" reference_count="single" comment="" />
<ENTITY id="E44" start="716" end="725" text="powerboat" type="concrete" reference_count="single" comment="" />
<ENTITY id="E45" start="739" end="746" text="vessels" type="concrete" reference_count="single" comment="" />
<ENTITY id="E46" start="611" end="616" text="ships" type="concrete" reference_count="single" comment="" />
<ENTITY id="E47" start="806" end="813" text="vessels" type="concrete" reference_count="single" comment="" />
<ENTITY id="E48" start="825" end="829" text="term" type="concrete" reference_count="single" comment="" />
<ENTITY id="E49" start="854" end="859" text="boats" type="concrete" reference_count="single" comment="" />
<ENTITY id="E50" start="1015" end="1020" text="craft" type="concrete" reference_count="single" comment="" />
<ENTITY id="E51" start="1084" end="1091" text="cruiser" type="concrete" reference_count="single" comment="" />
<ENTITY id="E52" start="1104" end="1111" text="cruiser" type="concrete" reference_count="single" comment="" />
<ENTITY id="E53" start="1120" end="1125" text="yacht" type="concrete" reference_count="single" comment="" />
<ENTITY id="E54" start="1150" end="1155" text="yacht" type="concrete" reference_count="single" comment="" />
<ENTITY id="E55" start="1203" end="1208" text="yacht" type="concrete" reference_count="single" comment="" />
<ENTITY id="E56" start="1313" end="1319" text="liners" type="concrete" reference_count="single" comment="" />
<ENTITY id="E57" start="1328" end="1335" text="tankers" type="concrete" reference_count="single" comment="" />
<ENTITY id="E58" start="1350" end="1356" text="yachts" type="concrete" reference_count="single" comment="" />
<ENTITY id="E59" start="1438" end="1446" text="dinghies" type="concrete" reference_count="single" comment="" />
<PART_OF id="P1" fromID="E2" fromText="boats" toID="E3" toText="watercraft" relationship="member_of" negativity="positive" signal_list="" comment="" />
<PART_OF id="P3" fromID="E9" fromText="daggerboard" toID="E6" toText="they" relationship="part_of" negativity="positive" signal_list="S2" comment="" />
<PART_OF id="P4" fromID="E8" fromText="centreboard" toID="E6" toText="they" relationship="part_of" negativity="positive" signal_list="S2" comment="" />
<PART_OF id="P5" fromID="E7" fromText="keel" toID="E6" toText="they" relationship="part_of" negativity="positive" signal_list="S2" comment="" />
<PART_OF id="P6" fromID="E11" fromText="cabin" toID="E10" toText="yachts" relationship="part_of" negativity="negative" signal_list="S3 S4" comment="" />
<PART_OF id="P7" fromID="E13" fromText="cabin" toID="E12" toText="they" relationship="part_of" negativity="positive" signal_list="S5" comment="" />
<PART_OF id="P8" fromID="E14" fromText="part" toID="E15" toText="hull" relationship="part_of" negativity="positive" signal_list="S6" comment="" />
<PART_OF id="P9" fromID="E16" fromText="roof" toID="E14" toText="part" relationship="part_of" negativity="positive" signal_list="S7" comment="" />
<PART_OF id="P10" fromID="E18" fromText="keels" toID="E17" toText="They" relationship="part_of" negativity="positive" signal_list="S8" comment="" />
<SIGNAL id="S2" start="1459" end="1463" text="have" />
<SIGNAL id="S3" start="1540" end="1543" text="not" />
<SIGNAL id="S4" start="1544" end="1548" text="have" />
<SIGNAL id="S5" start="1644" end="1648" text="have" />
<SIGNAL id="S6" start="1687" end="1689" text="of" />
<SIGNAL id="S7" start="1699" end="1702" text="has" />
<SIGNAL id="S8" start="1888" end="1892" text="have" />
</TAGS>
</PartML>